ID1;HHID;HVIDX;QHCLUSTER;QHNUMBER;QHHOME;PS100_1A;PS100_1M;PS100_1S;PS3
2022;      000309701;1;3;97;1;6;1;2;1
2022;      000904701;1;9;47;1;8;2;1;1
2022;      000904701;2;9;47;1;2;4;2;2
2022;      001005901;1;10;59;1;6;0;2;1
2022;      002106901;1;21;69;1;4;0;2;1
2022;      003014001;1;30;140;1;98;98;2;1
2022;      003116201;1;31;162;1;3;11;2;1
2022;      003303001;1;33;30;1;3;1;1;1
2022;      003303001;2;33;30;1;0;1;2;2
2022;      003303101;1;33;31;1;2;10;1;1
2022;      003303101;2;33;31;1;1;6;2;2
2022;      003308901;1;33;89;1;8;1;2;1
2022;      003504601;1;35;46;1;0;2;2;1
2022;      003605601;1;36;56;1;0;1;2;1
2022;      003809701;1;38;97;1;0;10;2;1
2022;      003809901;1;38;99;1;4;2;2;1
2022;      003902201;1;39;22;1;2;0;2;1
2022;      003905201;1;39;52;1;1;0;2;1
2022;      004405201;1;44;52;1;98;98;2;1
2022;      004407101;2;44;71;1;2;0;2;1
2022;      004407301;5;44;73;1;3;0;2;1
2022;      004806801;1;48;68;1;1;6;2;1
2022;      004807801;1;48;78;1;1;4;1;1
2022;      004807801;2;48;78;1;1;2;2;2
2022;      004905501;1;49;55;1;3;98;2;1
2022;      004905901;1;49;59;1;98;98;2;1
2022;      005107801;7;51;78;1;7;6;2;1
2022;      005107901;2;51;79;1;7;6;2;1
2022;      005114701;4;51;147;1;0;4;2;1
2022;      005309201;7;53;92;1;1;1;2;1
2022;      005401701;3;54;17;1;7;0;2;1
2022;      005402901;1;54;29;1;3;4;1;1
2022;      005402901;2;54;29;1;3;4;2;2
2022;      005403101;1;54;31;1;3;4;2;1
2022;      005812401;1;58;124;1;4;98;2;1
2022;      006111801;1;61;118;1;8;0;2;1
2022;      006310101;2;63;101;1;5;2;2;1
2022;      007212001;4;72;120;1;5;0;2;1
2022;      008710201;4;87;102;1;0;3;2;1
2022;      009204901;5;92;49;1;3;0;2;1
2022;      009805701;1;98;57;1;3;0;2;1
2022;      009810301;1;98;103;1;1;0;2;1
2022;      009907801;5;99;78;1;6;0;2;1
2022;      010004801;2;100;48;1;2;0;2;1
2022;      010005801;2;100;58;1;8;0;2;1
2022;      010104901;2;101;49;1;6;0;2;1
2022;      010105601;7;101;56;1;4;0;2;1
2022;      010105801;1;101;58;1;8;0;2;1
2022;      010303801;1;103;38;1;6;0;1;1
2022;      010303801;2;103;38;1;0;3;2;2
2022;      010306401;1;103;64;1;3;0;2;1
2022;      010306701;3;103;67;1;0;4;2;1
2022;      010306801;1;103;68;1;3;0;2;1
2022;      010408601;4;104;86;1;2;0;2;1
2022;      010600401;1;106;4;1;5;6;1;1
2022;      010600401;2;106;4;1;5;0;2;2
2022;      010700201;1;107;2;1;8;0;2;1
2022;      010710601;1;107;106;1;8;0;2;1
2022;      010900101;1;109;1;1;5;98;2;1
2022;      010900401;1;109;4;1;3;0;2;1
2022;      011100801;1;111;8;1;5;5;2;1
2022;      011103601;1;111;36;1;2;0;2;1
2022;      011103701;1;111;37;1;4;5;1;1
2022;      011103701;2;111;37;1;3;5;2;2
2022;      011203101;1;112;31;1;3;4;2;1
2022;      011203201;1;112;32;1;4;0;2;1
2022;      011206901;1;112;69;1;3;0;1;1
2022;      011206901;2;112;69;1;3;0;2;2
2022;      011303201;1;113;32;1;0;7;2;1
2022;      011305101;1;113;51;1;0;2;2;1
2022;      011611601;1;116;116;1;3;0;2;1
2022;      011904401;5;119;44;1;2;6;2;1
2022;      011909701;1;119;97;1;4;0;2;1
2022;      012009101;1;120;91;1;1;0;2;1
2022;      013202001;6;132;20;1;2;0;2;1
2022;      013400101;1;134;1;1;5;0;2;1
2022;      013502201;2;135;22;1;5;0;2;1
2022;      014104801;1;141;48;1;8;4;2;1
2022;      014200801;1;142;8;1;5;0;2;1
2022;      014303201;1;143;32;1;98;98;1;1
2022;      014303201;2;143;32;1;98;98;2;2
2022;      014304501;1;143;45;1;2;3;2;1
2022;      014304801;1;143;48;1;1;0;2;1
2022;      014405201;5;144;52;1;2;0;2;1
2022;      014409501;1;144;95;1;4;0;2;1
2022;      014605801;1;146;58;1;1;6;2;1
2022;      014707101;1;147;71;1;2;4;1;1
2022;      014707101;2;147;71;1;2;4;2;2
2022;      014809901;1;148;99;1;8;0;2;1
2022;      014906101;1;149;61;1;5;0;2;1
2022;      014907601;1;149;76;1;8;0;1;1
2022;      014907601;2;149;76;1;8;0;2;2
2022;      015001601;2;150;16;1;3;0;2;1
2022;      015007101;2;150;71;1;98;98;2;1
2022;      015205801;1;152;58;1;5;0;1;1
2022;      015205801;2;152;58;1;5;0;2;2
2022;      015505801;1;155;58;1;8;4;1;1
2022;      015505801;2;155;58;1;3;4;2;2
2022;      015708001;1;157;80;1;2;6;2;1
2022;      016202201;1;162;22;1;3;0;2;1
2022;      016308401;2;163;84;1;3;0;2;1
2022;      016405501;1;164;55;1;5;0;2;1
2022;      016405801;1;164;58;1;3;0;2;1
2022;      016508801;4;165;88;1;5;5;2;1
2022;      016508901;1;165;89;1;5;98;2;1
2022;      016510101;7;165;101;1;4;2;2;1
2022;      016510201;1;165;102;1;3;0;1;1
2022;      016510201;2;165;102;1;4;0;2;2
2022;      016510401;1;165;104;1;4;4;1;1
2022;      016510401;2;165;104;1;6;4;2;2
2022;      016602901;1;166;29;1;8;0;2;1
2022;      016603401;1;166;34;1;3;0;2;1
2022;      016702201;7;167;22;1;5;0;2;1
2022;      017303601;3;173;36;1;0;4;2;1
2022;      019203201;5;192;32;1;3;4;2;1
2022;      019205501;5;192;55;1;2;3;1;1
2022;      019205501;6;192;55;1;2;3;2;2
2022;      022602901;6;226;29;1;8;0;2;1
2022;      023001801;1;230;18;1;8;3;2;1
2022;      023002701;1;230;27;1;0;5;2;1
2022;      023810301;1;238;103;1;5;98;2;1
2022;      024001501;6;240;15;1;2;1;2;1
2022;      024600501;1;246;5;1;5;0;2;1
2022;      024706501;1;247;65;1;3;0;2;1
2022;      025206601;1;252;66;1;0;1;2;1
2022;      025404601;1;254;46;1;6;0;2;1
2022;      025407501;1;254;75;1;0;3;1;1
2022;      025407501;2;254;75;1;0;3;2;2
2022;      026007601;1;260;76;1;5;0;2;1
2022;      026008301;1;260;83;1;8;0;2;1
2022;      026806701;3;268;67;1;98;98;2;1
2022;      026906701;1;269;67;1;2;0;1;1
2022;      026906701;2;269;67;1;2;0;2;2
2022;      027007601;4;270;76;1;1;0;2;1
2022;      027008901;1;270;89;1;5;0;2;1
2022;      027300801;1;273;8;1;5;1;1;1
2022;      027300801;2;273;8;1;5;1;2;2
2022;      027401901;6;274;19;1;8;0;2;1
2022;      027402301;1;274;23;1;4;0;2;1
2022;      027601701;3;276;17;1;2;0;2;1
2022;      027601801;1;276;18;1;7;0;1;1
2022;      027601801;2;276;18;1;7;0;2;2
2022;      027700301;1;277;3;1;2;0;2;1
2022;      027700501;1;277;5;1;2;0;2;1
2022;      027700801;5;277;8;1;8;0;2;1
2022;      028012101;1;280;121;1;8;0;2;1
2022;      028013501;1;280;135;1;98;98;1;1
2022;      028013501;2;280;135;1;98;98;2;2
2022;      028103601;8;281;36;1;4;0;2;1
2022;      028103801;1;281;38;1;8;0;1;1
2022;      028103801;2;281;38;1;0;7;2;2
2022;      028104201;1;281;42;1;6;0;1;1
2022;      028104201;2;281;42;1;4;0;2;2
2022;      028108301;1;281;83;1;7;2;2;1
2022;      028108501;1;281;85;1;98;98;2;1
2022;      028205701;1;282;57;1;7;4;1;1
2022;      028205701;2;282;57;1;6;4;2;2
2022;      028205901;1;282;59;1;5;4;2;1
2022;      028401501;6;284;15;1;8;0;2;1
2022;      028409001;1;284;90;1;7;0;1;1
2022;      028409001;2;284;90;1;7;0;2;2
2022;      028413201;6;284;132;1;5;0;2;1
2022;      028905901;5;289;59;1;8;0;2;1
2022;      028906001;1;289;60;1;2;0;2;1
2022;      029101101;1;291;11;1;1;0;2;1
2022;      029101201;1;291;12;1;4;0;1;1
2022;      029101201;2;291;12;1;4;0;2;2
2022;      029101601;2;291;16;1;6;0;2;1
2022;      029105901;1;291;59;1;5;0;2;1
2022;      029106001;1;291;60;1;5;0;1;1
2022;      029106001;2;291;60;1;5;0;2;2
2022;      029302301;1;293;23;1;4;0;2;1
2022;      029302401;2;293;24;1;5;0;2;1
2022;      029302501;1;293;25;1;3;0;1;1
2022;      029302501;2;293;25;1;5;0;2;2
2022;      029302601;1;293;26;1;3;0;2;1
2022;      029306601;1;293;66;1;3;0;1;1
2022;      029306601;2;293;66;1;5;0;2;2
2022;      029708401;4;297;84;1;4;98;2;1
2022;      030604001;1;306;40;1;0;9;2;1
2022;      030607601;1;306;76;1;2;0;2;1
2022;      030912301;6;309;123;1;8;0;2;1
2022;      031707101;4;317;71;1;2;0;2;1
2022;      031807801;1;318;78;1;98;98;1;1
2022;      031807801;2;318;78;1;98;98;2;2
2022;      031909601;1;319;96;1;8;0;2;1
2022;      032009001;1;320;90;1;0;1;1;1
2022;      032009001;2;320;90;1;0;1;2;2
2022;      032009801;1;320;98;1;4;3;2;1
2022;      032301601;1;323;16;1;2;0;2;1
2022;      032306001;1;323;60;1;6;6;2;1
2022;      032306301;2;323;63;1;2;0;2;1
2022;      032401701;2;324;17;1;2;0;1;1
2022;      032401701;4;324;17;1;2;0;2;2
2022;      032904001;1;329;40;1;7;1;1;1
2022;      032904001;2;329;40;1;4;1;2;2
2022;      032904201;1;329;42;1;2;3;2;1
2022;      032905901;1;329;59;1;7;4;1;1
2022;      032905901;2;329;59;1;6;2;2;2
2022;      033002901;7;330;29;1;7;0;2;1
2022;      033510601;1;335;106;1;98;98;2;1
2022;      033512201;1;335;122;1;8;0;2;1
2022;      033700901;1;337;9;1;7;0;1;1
2022;      033700901;2;337;9;1;8;0;2;2
2022;      034004801;1;340;48;1;7;0;2;1
2022;      034013501;1;340;135;1;8;0;2;1
2022;      034600501;1;346;5;1;4;3;2;1
2022;      034700201;1;347;2;1;98;98;2;1
2022;      034704301;5;347;43;1;6;0;2;1
2022;      034704601;1;347;46;1;8;11;2;1
2022;      034806201;1;348;62;1;5;4;1;1
2022;      034806201;2;348;62;1;4;7;2;2
2022;      035003801;1;350;38;1;5;0;2;1
2022;      035106601;6;351;66;1;0;2;2;1
2022;      036214601;6;362;146;1;0;1;2;1
2022;      038010301;1;380;103;1;3;2;2;1
2022;      039115201;1;391;152;1;1;1;2;1
2022;      039502501;1;395;25;1;98;98;2;1
2022;      042410401;10;424;104;1;2;3;2;1
2022;      043006601;1;430;66;1;0;2;1;1
2022;      043006601;2;430;66;1;0;2;2;2
2022;      044100501;1;441;5;1;3;5;1;1
2022;      044100501;2;441;5;1;4;5;2;2
2022;      044102201;2;441;22;1;6;2;2;1
2022;      044701201;1;447;12;1;8;4;2;1
2022;      045008401;1;450;84;1;1;5;2;1
2022;      045100801;1;451;8;1;2;4;2;1
2022;      045109501;5;451;95;1;3;2;2;1
2022;      045502401;1;455;24;1;5;0;1;1
2022;      045502401;2;455;24;1;5;0;2;2
2022;      045714301;7;457;143;1;3;1;2;1
2022;      045714501;1;457;145;1;6;2;2;1
2022;      045802301;7;458;23;1;3;0;2;1
2022;      045804301;1;458;43;1;3;0;2;1
2022;      045804701;1;458;47;1;4;0;2;1
2022;      046201301;7;462;13;1;7;1;2;1
2022;      046202501;1;462;25;1;7;0;2;1
2022;      046202801;1;462;28;1;4;98;2;1
2022;      046401601;1;464;16;1;98;98;2;1
2022;      046406701;1;464;67;1;4;3;2;1
2022;      047008101;1;470;81;1;2;0;2;1
2022;      047008701;12;470;87;1;8;1;2;1
2022;      047609401;1;476;94;1;3;0;2;1
2022;      048101201;3;481;12;1;8;3;2;1
2022;      048210401;2;482;104;1;5;4;2;1
2022;      048215301;1;482;153;1;8;11;2;1
2022;      048303801;2;483;38;1;4;4;2;1
2022;      048304001;1;483;40;1;8;11;2;1
2022;      048304201;4;483;42;1;98;98;2;1
2022;      048504001;1;485;40;1;3;0;2;1
2022;      048508001;1;485;80;1;6;2;1;1
2022;      048508001;2;485;80;1;6;2;2;2
2022;      048801801;1;488;18;1;5;1;1;1
2022;      048801801;2;488;18;1;3;1;2;2
2022;      048801901;1;488;19;1;4;3;2;1
2022;      049001601;1;490;16;1;5;2;2;1
2022;      049005401;2;490;54;1;5;1;2;1
2022;      049013001;1;490;130;1;0;3;2;1
2022;      049013101;1;490;131;1;3;1;1;1
2022;      049013101;2;490;131;1;3;1;2;2
2022;      049100901;1;491;9;1;4;2;2;1
2022;      049103201;4;491;32;1;4;2;2;1
2022;      049304501;1;493;45;1;0;1;2;1
2022;      049403001;5;494;30;1;5;0;2;1
2022;      049403101;7;494;31;1;4;5;2;1
2022;      049502401;1;495;24;1;2;0;2;1
2022;      049502601;2;495;26;1;8;2;2;1
2022;      049507001;1;495;70;1;5;1;2;1
2022;      049507201;1;495;72;1;1;0;2;1
2022;      049704901;1;497;49;1;4;98;2;1
2022;      049705001;1;497;50;1;5;0;2;1
2022;      049904501;2;499;45;1;8;2;2;1
2022;      050201801;1;502;18;1;3;4;1;1
2022;      050201801;2;502;18;1;1;8;2;2
2022;      050300301;5;503;3;1;7;4;2;1
2022;      050306901;8;503;69;1;4;6;2;1
2022;      050307301;1;503;73;1;98;98;2;1
2022;      050403501;2;504;35;1;8;3;2;1
2022;      050408601;2;504;86;1;3;2;2;1
2022;      050507501;1;505;75;1;3;0;1;1
2022;      050507501;2;505;75;1;3;0;2;2
2022;      050801601;1;508;16;1;4;4;2;1
2022;      050810601;8;508;106;1;4;4;2;1
2022;      050910101;1;509;101;1;6;0;2;1
2022;      051508401;1;515;84;1;8;0;2;1
2022;      051511401;1;515;114;1;5;0;1;1
2022;      051511401;2;515;114;1;3;0;2;2
2022;      051609501;10;516;95;1;8;0;2;1
2022;      051705201;1;517;52;1;5;0;2;1
2022;      051804701;1;518;47;1;1;6;2;1
2022;      052005201;5;520;52;1;2;0;2;1
2022;      054102301;1;541;23;1;8;0;2;1
2022;      054506701;5;545;67;1;8;0;2;1
2022;      054602601;7;546;26;1;4;3;2;1
2022;      054602901;1;546;29;1;2;4;2;1
2022;      054904401;5;549;44;1;0;4;2;1
2022;      055307601;1;553;76;1;8;2;2;1
2022;      055407501;1;554;75;1;8;0;2;1
2022;      055501301;1;555;13;1;5;0;1;1
2022;      055501301;2;555;13;1;5;0;2;2
2022;      055810601;1;558;106;1;2;0;1;1
2022;      055810601;2;558;106;1;2;0;2;2
2022;      056004801;1;560;48;1;7;0;2;1
2022;      056300401;1;563;4;1;5;1;1;1
2022;      056300401;2;563;4;1;5;1;2;2
2022;      056300601;1;563;6;1;7;2;2;1
2022;      056302801;1;563;28;1;7;3;1;1
2022;      056302801;2;563;28;1;7;3;2;2
2022;      056304401;1;563;44;1;5;2;1;1
2022;      056304401;2;563;44;1;5;2;2;2
2022;      056305001;1;563;50;1;98;98;1;1
2022;      056305001;2;563;50;1;98;98;2;2
2022;      057000901;5;570;9;1;3;0;2;1
2022;      057007301;1;570;73;1;8;0;2;1
2022;      057008201;5;570;82;1;5;0;2;1
2022;      057601001;1;576;10;1;1;6;2;1
2022;      057701801;1;577;18;1;8;11;2;1
2022;      058108402;4;581;84;2;0;11;2;1
2022;      059210801;8;592;108;1;0;3;2;1
2022;      059606301;6;596;63;1;7;0;2;1
2022;      061205401;5;612;54;1;6;0;2;1
2022;      066906401;1;669;64;1;2;4;2;1
2022;      067915701;1;679;157;1;8;0;2;1
2022;      068508001;1;685;80;1;1;8;1;1
2022;      068508001;2;685;80;1;1;8;2;2
2022;      068900401;5;689;4;1;2;0;2;1
2022;      068914901;1;689;149;1;3;0;2;1
2022;      069301301;1;693;13;1;5;5;2;1
2022;      069309101;1;693;91;1;1;6;2;1
2022;      069412801;1;694;128;1;4;0;2;1
2022;      069801701;1;698;17;1;5;4;1;1
2022;      069801701;2;698;17;1;0;4;2;2
2022;      069903801;1;699;38;1;3;0;1;1
2022;      069903801;2;699;38;1;3;0;2;2
2022;      069911901;6;699;119;1;2;2;2;1
2022;      070306601;1;703;66;1;6;0;2;1
2022;      074100801;1;741;8;1;3;2;2;1
2022;      075104302;2;751;43;2;98;98;2;1
2022;      075409301;2;754;93;1;8;3;2;1
2022;      075702601;1;757;26;1;3;0;2;1
2022;      075707901;7;757;79;1;4;0;2;1
2022;      075800901;1;758;9;1;2;3;2;1
2022;      075803401;1;758;34;1;5;0;1;1
2022;      075803401;2;758;34;1;6;0;2;2
2022;      079703001;5;797;30;1;0;11;2;1
2022;      080317201;1;803;172;1;8;0;2;1
2022;      081402301;1;814;23;1;0;5;2;1
2022;      081802501;1;818;25;1;1;5;2;1
2022;      082001201;5;820;12;1;7;0;2;1
2022;      086004601;1;860;46;1;2;0;2;1
2022;      087205201;1;872;52;1;5;0;2;1
2022;      097606701;6;976;67;1;1;2;2;1
2022;      100308801;1;1003;88;1;2;0;2;1
2022;      101802801;1;1018;28;1;5;1;2;1
2022;      103200701;2;1032;7;1;8;0;2;1
2022;      103205501;1;1032;55;1;8;4;2;1
2022;      103906501;1;1039;65;1;2;2;2;1
2022;      104101701;1;1041;17;1;6;9;2;1
2022;      104406001;1;1044;60;1;4;0;2;1
2022;      104606401;7;1046;64;1;5;0;2;1
2022;      104614501;8;1046;145;1;0;3;2;1
2022;      105007801;1;1050;78;1;8;0;2;1
2022;      105804601;4;1058;46;1;4;0;2;1
2022;      106403701;1;1064;37;1;3;3;1;1
2022;      106403701;2;1064;37;1;3;1;2;2
2022;      106412201;1;1064;122;1;8;2;2;1
2022;      106609801;1;1066;98;1;5;0;2;1
2022;      106614301;1;1066;143;1;98;98;2;1
2022;      107306601;3;1073;66;1;3;2;2;1
2022;      107701101;1;1077;11;1;0;2;1;1
2022;      107701101;4;1077;11;1;2;0;2;2
2022;      107704701;1;1077;47;1;0;1;2;1
2022;      107710901;7;1077;109;1;3;0;2;1
2022;      108212801;3;1082;128;1;4;4;2;1
2022;      108911101;2;1089;111;1;0;1;2;1
2022;      109212201;1;1092;122;1;2;0;2;1
2022;      109314701;1;1093;147;1;4;0;2;1
2022;      109401401;8;1094;14;1;1;5;2;1
2022;      109510001;2;1095;100;1;2;1;2;1
2022;      109511401;2;1095;114;1;5;1;2;1
2022;      109511501;8;1095;115;1;0;2;2;1
2022;      110002301;2;1100;23;1;3;1;2;1
2022;      110013701;1;1100;137;1;4;1;2;1
2022;      110705701;5;1107;57;1;2;3;2;1
2022;      111104401;1;1111;44;1;3;0;1;1
2022;      111104401;2;1111;44;1;3;0;2;2
2022;      114209601;6;1142;96;1;8;4;2;1
2022;      115706801;1;1157;68;1;7;1;1;1
2022;      115706801;2;1157;68;1;4;1;2;2
2022;      118606601;1;1186;66;1;2;6;2;1
2022;      119005401;5;1190;54;1;2;0;2;1
2022;      121604501;1;1216;45;1;8;0;2;1
2022;      121702701;1;1217;27;1;1;0;1;1
2022;      121702701;2;1217;27;1;1;0;2;2
2022;      122100401;3;1221;4;1;5;4;2;1
2022;      124002401;1;1240;24;1;5;10;2;1
2022;      124004001;4;1240;40;1;4;3;2;1
2022;      124113401;1;1241;134;1;4;0;2;1
2022;      125112101;1;1251;121;1;0;4;2;1
2022;      125900301;1;1259;3;1;0;3;2;1
2022;      127600201;1;1276;2;1;2;3;2;1
2022;      127610301;2;1276;103;1;0;4;2;1
2022;      128301401;4;1283;14;1;5;0;2;1
2022;      129710701;1;1297;107;1;8;0;2;1
2022;      129913301;1;1299;133;1;3;0;2;1
2022;      130405901;1;1304;59;1;2;0;1;1
2022;      130405901;2;1304;59;1;2;0;2;2
2022;      130806401;1;1308;64;1;2;0;1;1
2022;      130806401;2;1308;64;1;2;6;2;2
2022;      130912901;3;1309;129;1;4;0;2;1
2022;      131203301;2;1312;33;1;7;0;2;1
2022;      132105101;1;1321;51;1;0;8;2;1
2022;      132311201;1;1323;112;1;4;0;2;1
2022;      132513101;1;1325;131;1;8;0;2;1
2022;      132602701;2;1326;27;1;3;0;2;1
2022;      132803901;1;1328;39;1;7;0;2;1
2022;      132915201;1;1329;152;1;2;1;1;1
2022;      132915201;2;1329;152;1;3;1;2;2
2022;      132915301;1;1329;153;1;5;1;1;1
2022;      132915301;2;1329;153;1;5;1;2;2
2022;      132917801;1;1329;178;1;8;3;2;1
2022;      132917901;1;1329;179;1;7;0;2;1
2022;      133102201;1;1331;22;1;2;0;1;1
2022;      133102201;2;1331;22;1;3;0;2;2
2022;      133403901;2;1334;39;1;2;98;1;1
2022;      133403901;3;1334;39;1;2;98;2;2
2022;      133412401;1;1334;124;1;4;0;2;1
2022;      134205901;1;1342;59;1;4;4;2;1
2022;      134309701;1;1343;97;1;7;2;2;1
2022;      134604301;2;1346;43;1;1;0;2;1
2022;      134805201;1;1348;52;1;3;2;2;1
2022;      136102001;1;1361;20;1;2;0;2;1
2022;      136105801;1;1361;58;1;3;0;2;1
2022;      136111301;5;1361;113;1;2;0;2;1
2022;      136208101;1;1362;81;1;7;2;2;1
2022;      136401701;2;1364;17;1;5;0;2;1
2022;      136401801;1;1364;18;1;8;0;2;1
2022;      136402201;1;1364;22;1;8;0;1;1
2022;      136402201;2;1364;22;1;6;0;2;2
2022;      136402301;1;1364;23;1;4;0;2;1
2022;      136404801;1;1364;48;1;6;0;2;1
2022;      136507501;1;1365;75;1;8;0;2;1
2022;      136508001;1;1365;80;1;2;1;2;1
2022;      136704601;1;1367;46;1;1;4;2;1
2022;      136805801;1;1368;58;1;4;0;2;1
2022;      136809701;1;1368;97;1;3;0;2;1
2022;      137001201;6;1370;12;1;1;0;2;1
2022;      137001701;1;1370;17;1;3;4;2;1
2022;      137007001;1;1370;70;1;2;4;1;1
2022;      137007001;2;1370;70;1;0;4;2;2
2022;      137201401;1;1372;14;1;7;11;2;1
2022;      137201501;1;1372;15;1;5;0;2;1
2022;      137203801;1;1372;38;1;6;0;2;1
2022;      137208001;1;1372;80;1;2;0;2;1
2022;      137208101;1;1372;81;1;7;0;2;1
2022;      137404201;1;1374;42;1;4;0;2;1
2022;      137404301;1;1374;43;1;6;0;2;1
2022;      137513301;1;1375;133;1;4;6;2;1
2022;      137514101;1;1375;141;1;0;1;2;1
2022;      137707501;1;1377;75;1;7;2;2;1
2022;      137707601;1;1377;76;1;3;5;2;1
2022;      138106601;1;1381;66;1;5;0;2;1
2022;      138400601;1;1384;6;1;3;0;1;1
2022;      138400601;2;1384;6;1;2;0;2;2
2022;      138401001;1;1384;10;1;2;2;2;1
2022;      138706701;3;1387;67;1;8;4;2;1
2022;      138916001;1;1389;160;1;2;0;2;1
2022;      139817901;1;1398;179;1;8;5;1;1
2022;      139817901;2;1398;179;1;7;5;2;2
2022;      140803401;10;1408;34;1;5;3;2;1
2022;      140806301;2;1408;63;1;1;3;2;1
2022;      141807401;1;1418;74;1;8;4;2;1
2022;      142311801;1;1423;118;1;4;6;2;1
2022;      142416401;1;1424;164;1;3;2;2;1
2022;      142506601;1;1425;66;1;7;11;1;1
2022;      142506601;2;1425;66;1;7;11;2;2
2022;      142506701;1;1425;67;1;2;8;2;1
2022;      143404301;1;1434;43;1;5;4;2;1
2022;      143404501;3;1434;45;1;6;6;2;1
2022;      143510001;1;1435;100;1;1;98;1;1
2022;      143510001;2;1435;100;1;1;98;2;2
2022;      143729801;1;1437;298;1;2;2;2;1
2022;      143915301;1;1439;153;1;0;2;2;1
2022;      144004401;1;1440;44;1;2;0;2;1
2022;      144005501;1;1440;55;1;3;2;2;1
2022;      147600101;3;1476;1;1;3;3;2;1
2022;      148808801;1;1488;88;1;7;1;2;1
2022;      149112301;1;1491;123;1;6;1;2;1
2022;      150916601;1;1509;166;1;7;2;2;1
2022;      152010801;1;1520;108;1;0;2;2;1
2022;      153104701;5;1531;47;1;7;2;2;1
2022;      154411301;7;1544;113;1;5;0;2;1
2022;      154706701;1;1547;67;1;8;2;2;1
2022;      154810901;1;1548;109;1;4;0;2;1
2022;      155409501;1;1554;95;1;7;0;2;1
2022;      156502301;1;1565;23;1;8;2;2;1
2022;      156506001;1;1565;60;1;5;2;2;1
2022;      158809001;1;1588;90;1;2;4;2;1
2022;      158900701;3;1589;7;1;7;2;2;1
2022;      159513201;7;1595;132;1;6;5;2;1
2022;      159617101;4;1596;171;1;3;0;2;1
2022;      159702201;5;1597;22;1;2;8;2;1
2022;      160615301;4;1606;153;1;0;3;2;1
2022;      160706201;2;1607;62;1;0;2;2;1
2022;      161100201;3;1611;2;1;7;8;2;1
2022;      161404701;5;1614;47;1;4;8;2;1
2022;      161704101;1;1617;41;1;8;2;1;1
2022;      161704101;2;1617;41;1;7;2;2;2
2022;      161902001;1;1619;20;1;0;2;2;1
2022;      161907201;1;1619;72;1;1;4;2;1
2022;      162002601;1;1620;26;1;0;5;2;1
2022;      162010001;1;1620;100;1;2;4;2;1
2022;      162406901;1;1624;69;1;3;2;2;1
2022;      162506701;2;1625;67;1;3;5;2;1
2022;      163800301;6;1638;3;1;0;9;2;1
2022;      163908601;1;1639;86;1;8;98;2;1
2022;      164002301;2;1640;23;1;8;4;2;1
2022;      164005301;2;1640;53;1;3;0;2;1
2022;      164100801;1;1641;8;1;3;6;2;1
2022;      164202901;1;1642;29;1;3;0;1;1
2022;      164202901;2;1642;29;1;3;0;2;2
2022;      164403501;2;1644;35;1;1;6;2;1
2022;      164409601;1;1644;96;1;0;6;2;1
2022;      165007901;6;1650;79;1;4;4;2;1
2022;      165202301;1;1652;23;1;2;0;2;1
2022;      165207001;3;1652;70;1;3;0;2;1
2022;      165410801;1;1654;108;1;5;0;2;1
2022;      165507901;1;1655;79;1;1;0;2;1
2022;      166010201;1;1660;102;1;6;0;2;1
2022;      166204501;1;1662;45;1;8;6;1;1
2022;      166204501;2;1662;45;1;7;6;2;2
2022;      166206601;1;1662;66;1;98;98;2;1
2022;      166206701;1;1662;67;1;0;3;1;1
2022;      166206701;2;1662;67;1;0;3;2;2
2022;      166309901;1;1663;99;1;0;9;2;1
2022;      166602301;1;1666;23;1;0;2;1;1
2022;      166602301;2;1666;23;1;0;2;2;2
2022;      166907201;1;1669;72;1;5;0;2;1
2022;      166907301;1;1669;73;1;2;0;2;1
2022;      167001501;1;1670;15;1;3;4;2;1
2022;      167119101;1;1671;191;1;2;7;1;1
2022;      167119101;2;1671;191;1;0;2;2;2
2022;      167211701;4;1672;117;1;4;8;2;1
2022;      167216401;1;1672;164;1;8;9;1;1
2022;      167216401;2;1672;164;1;8;9;2;2
2022;      167403801;1;1674;38;1;8;98;1;1
2022;      167403801;2;1674;38;1;8;98;2;2
2022;      167408001;1;1674;80;1;8;0;2;1
2022;      167600601;1;1676;6;1;8;4;2;1
2022;      167600801;1;1676;8;1;7;2;2;1
2022;      167700801;2;1677;8;1;8;8;2;1
2022;      167707501;2;1677;75;1;3;8;2;1
2022;      167906901;4;1679;69;1;1;10;2;1
2022;      168102301;5;1681;23;1;4;3;2;1
2022;      168603901;1;1686;39;1;3;1;1;1
2022;      168603901;2;1686;39;1;3;1;2;2
2022;      170704001;5;1707;40;1;3;6;2;1
2022;      170808001;6;1708;80;1;8;5;2;1
2022;      171402101;1;1714;21;1;0;2;1;1
2022;      171402101;2;1714;21;1;0;2;2;2
2022;      171709501;1;1717;95;1;3;10;1;1
2022;      171709501;6;1717;95;1;5;10;2;2
2022;      171919001;4;1719;190;1;98;98;2;1
2022;      172101101;3;1721;11;1;2;10;2;1
2022;      172103301;1;1721;33;1;1;10;2;1
2022;      172103701;1;1721;37;1;8;0;2;1
2022;      172510001;6;1725;100;1;0;4;1;1
2022;      172510001;7;1725;100;1;0;4;2;2
2022;      172523201;1;1725;232;1;6;8;2;1
2022;      172523601;1;1725;236;1;5;8;2;1
2022;      172802101;1;1728;21;1;8;0;2;1
2022;      172802201;1;1728;22;1;7;6;2;1
2022;      172803701;1;1728;37;1;8;7;2;1
2022;      172805401;1;1728;54;1;3;0;2;1
2022;      172805801;1;1728;58;1;2;0;2;1
2022;      172904601;1;1729;46;1;0;4;2;1
2022;      173001701;2;1730;17;1;2;10;2;1
2022;      173003101;2;1730;31;1;0;11;2;1
2022;      173005001;1;1730;50;1;3;10;2;1
2022;      173204601;1;1732;46;1;4;6;2;1
2022;      173616001;1;1736;160;1;3;0;2;1
2022;      173707401;2;1737;74;1;1;10;2;1
2022;      173800101;1;1738;1;1;6;11;2;1
2022;      173806301;1;1738;63;1;0;1;2;1
2022;      173902701;1;1739;27;1;5;8;2;1
2022;      173907701;2;1739;77;1;6;0;2;1
2022;      173908001;3;1739;80;1;2;0;2;1
2022;      174002101;1;1740;21;1;4;0;2;1
2022;      174002501;6;1740;25;1;1;0;2;1
2022;      174009601;1;1740;96;1;4;8;2;1
2022;      174009801;1;1740;98;1;4;7;2;1
2022;      174105001;1;1741;50;1;4;9;2;1
2022;      174105101;1;1741;51;1;0;4;2;1
2022;      174107801;1;1741;78;1;8;0;1;1
2022;      174107801;2;1741;78;1;7;0;2;2
2022;      174108101;1;1741;81;1;7;0;2;1
2022;      174812601;5;1748;126;1;98;98;2;1
2022;      175408401;3;1754;84;1;2;0;2;1
2022;      176102301;2;1761;23;1;1;0;2;1
2022;      176300601;6;1763;6;1;5;0;1;1
2022;      176300601;7;1763;6;1;4;0;2;2
2022;      176901601;1;1769;16;1;0;1;2;1
2022;      176906201;1;1769;62;1;8;10;1;1
2022;      176906201;2;1769;62;1;8;10;2;2
2022;      177205001;2;1772;50;1;6;0;2;1
2022;      177205101;1;1772;51;1;2;6;1;1
2022;      177205101;2;1772;51;1;2;6;2;2
2022;      177205301;2;1772;53;1;7;0;2;1
2022;      177300901;2;1773;9;1;98;98;2;1
2022;      177305401;1;1773;54;1;8;10;2;1
2022;      177305501;2;1773;55;1;8;0;2;1
2022;      177400301;1;1774;3;1;8;0;1;1
2022;      177400301;2;1774;3;1;5;0;2;2
2022;      177402501;2;1774;25;1;7;1;2;1
2022;      177702901;2;1777;29;1;2;5;2;1
2022;      177703301;1;1777;33;1;0;1;2;1
2022;      177705801;1;1777;58;1;2;0;2;1
2022;      178003401;2;1780;34;1;3;0;2;1
2022;      178005701;5;1780;57;1;6;0;2;1
2022;      178006201;2;1780;62;1;3;0;2;1
2022;      178101301;1;1781;13;1;8;0;2;1
2022;      178102501;1;1781;25;1;0;2;2;1
2022;      178104101;1;1781;41;1;98;98;2;1
2022;      178300301;5;1783;3;1;5;9;2;1
2022;      178402501;1;1784;25;1;1;0;2;1
2022;      178404501;1;1784;45;1;98;98;2;1
2022;      178500101;1;1785;1;1;98;98;2;1
2022;      178500301;1;1785;3;1;98;98;2;1
2022;      178512701;1;1785;127;1;7;0;1;1
2022;      178512701;2;1785;127;1;3;98;2;2
2022;      178603001;1;1786;30;1;2;0;1;1
2022;      178603001;2;1786;30;1;2;0;2;2
2022;      178608101;6;1786;81;1;4;2;2;1
2022;      178610001;1;1786;100;1;0;2;2;1
2022;      178706601;1;1787;66;1;4;0;2;1
2022;      178809701;1;1788;97;1;4;3;2;1
2022;      178913001;1;1789;130;1;8;0;2;1
2022;      179203701;1;1792;37;1;1;0;1;1
2022;      179203701;2;1792;37;1;1;0;2;2
2022;      179310701;1;1793;107;1;2;98;1;1
2022;      179310701;2;1793;107;1;3;98;2;2
2022;      179900401;8;1799;4;1;4;2;2;1
2022;      181709301;1;1817;93;1;1;5;2;1
2022;      183106401;5;1831;64;1;5;7;2;1
2022;      184510701;1;1845;107;1;5;3;2;1
2022;      185408301;1;1854;83;1;0;4;2;1
2022;      185410901;1;1854;109;1;2;10;1;1
2022;      185410901;2;1854;109;1;2;10;2;2
2022;      185600701;1;1856;7;1;5;7;1;1
2022;      185600701;2;1856;7;1;5;7;2;2
2022;      186007601;2;1860;76;1;5;0;2;1
2022;      186201801;7;1862;18;1;4;5;2;1
2022;      186509301;1;1865;93;1;1;0;2;1
2022;      187803401;5;1878;34;1;7;0;2;1
2022;      187901701;2;1879;17;1;1;7;2;1
2022;      187903201;1;1879;32;1;1;7;2;1
2022;      188108001;1;1881;80;1;6;0;2;1
2022;      188504201;1;1885;42;1;1;0;1;1
2022;      188504201;2;1885;42;1;1;0;2;2
2022;      189508301;6;1895;83;1;6;7;2;1
2022;      189700101;1;1897;1;1;5;0;2;1
2022;      189704801;1;1897;48;1;8;8;1;1
2022;      189704801;2;1897;48;1;8;8;2;2
2022;      189709001;1;1897;90;1;2;0;2;1
2022;      189802101;1;1898;21;1;0;2;2;1
2022;      189802201;1;1898;22;1;2;0;2;1
2022;      189805201;3;1898;52;1;5;0;2;1
2022;      189805501;1;1898;55;1;2;0;2;1
2022;      189809001;1;1898;90;1;2;0;1;1
2022;      189809001;2;1898;90;1;2;0;2;2
2022;      189809301;1;1898;93;1;6;0;2;1
2022;      189900701;2;1899;7;1;2;0;2;1
2022;      189906701;4;1899;67;1;5;0;2;1
2022;      189907901;1;1899;79;1;6;0;1;1
2022;      189907901;2;1899;79;1;6;0;2;2
2022;      190201501;1;1902;15;1;2;0;2;1
2022;      190204901;1;1902;49;1;0;1;2;1
2022;      190205101;1;1902;51;1;5;0;1;1
2022;      190205101;2;1902;51;1;5;0;2;2
2022;      190405601;1;1904;56;1;4;10;2;1
2022;      190407201;2;1904;72;1;1;10;2;1
2022;      190500701;1;1905;7;1;0;1;2;1
2022;      190500901;1;1905;9;1;3;0;2;1
2022;      190504201;1;1905;42;1;2;0;2;1
2022;      190802401;1;1908;24;1;8;0;2;1
2022;      190804901;1;1908;49;1;5;0;2;1
2022;      191002801;2;1910;28;1;5;0;2;1
2022;      191301101;1;1913;11;1;2;0;2;1
2022;      191302901;1;1913;29;1;4;0;2;1
2022;      191305301;1;1913;53;1;8;2;2;1
2022;      191400501;1;1914;5;1;8;9;2;1
2022;      191405401;1;1914;54;1;3;0;2;1
2022;      191503001;1;1915;30;1;7;0;2;1
2022;      191504201;1;1915;42;1;5;7;1;1
2022;      191504201;2;1915;42;1;5;7;2;2
2022;      191504601;1;1915;46;1;0;2;2;1
2022;      191505301;1;1915;53;1;0;2;2;1
2022;      191505501;1;1915;55;1;5;7;2;1
2022;      191601501;1;1916;15;1;5;0;1;1
2022;      191601501;2;1916;15;1;2;0;2;2
2022;      191602401;1;1916;24;1;8;0;2;1
2022;      191602601;1;1916;26;1;8;0;2;1
2022;      193108301;5;1931;83;1;0;1;2;1
2022;      193506401;4;1935;64;1;3;4;2;1
2022;      193707701;1;1937;77;1;6;5;2;1
2022;      193710001;1;1937;100;1;3;4;2;1
2022;      193710201;1;1937;102;1;5;4;1;1
2022;      193710201;2;1937;102;1;1;4;2;2
2022;      193800301;3;1938;3;1;98;0;2;1
2022;      193803501;8;1938;35;1;0;2;2;1
2022;      193805201;1;1938;52;1;2;4;2;1
2022;      193906101;1;1939;61;1;5;3;2;1
2022;      193906201;3;1939;62;1;7;2;2;1
2022;      194003901;1;1940;39;1;8;2;2;1
2022;      194008801;1;1940;88;1;1;2;1;1
2022;      194008801;2;1940;88;1;2;0;2;2
2022;      194009001;1;1940;90;1;4;5;2;1
2022;      194302101;1;1943;21;1;2;10;2;1
2022;      194501701;1;1945;17;1;8;5;1;1
2022;      194501701;2;1945;17;1;0;2;2;2
2022;      194501901;1;1945;19;1;2;0;2;1
2022;      194502401;1;1945;24;1;5;98;2;1
2022;      194701701;2;1947;17;1;3;6;2;1
2022;      195100201;1;1951;2;1;2;0;2;1
2022;      195105101;2;1951;51;1;6;7;2;1
2022;      195309501;1;1953;95;1;2;0;2;1
2022;      195400901;2;1954;9;1;3;0;2;1
2022;      195500301;3;1955;3;1;5;6;2;1
2022;      195704701;1;1957;47;1;4;0;1;1
2022;      195704701;2;1957;47;1;4;0;2;2
2022;      195804901;1;1958;49;1;7;0;2;1
2022;      195806101;1;1958;61;1;4;2;2;1
2022;      195911901;1;1959;119;1;3;4;2;1
2022;      195912201;1;1959;122;1;4;0;2;1
2022;      196401301;4;1964;13;1;3;0;2;1
2022;      196404801;1;1964;48;1;7;8;2;1
2022;      196409201;1;1964;92;1;6;0;1;1
2022;      196409201;2;1964;92;1;6;0;2;2
2022;      196501401;1;1965;14;1;7;0;2;1
2022;      196502401;1;1965;24;1;1;7;2;1
2022;      196514401;1;1965;144;1;5;0;2;1
2022;      196807801;1;1968;78;1;4;3;2;1
2022;      196809501;4;1968;95;1;5;0;2;1
2022;      196811301;6;1968;113;1;0;5;2;1
2022;      196811701;1;1968;117;1;3;5;1;1
2022;      196811701;2;1968;117;1;3;3;2;2
2022;      197710901;1;1977;109;1;5;8;2;1
2022;      199601101;1;1996;11;1;3;3;2;1
2022;      202500701;1;2025;7;1;3;3;2;1
2022;      203906101;5;2039;61;1;1;8;2;1
2022;      204003801;5;2040;38;1;0;1;2;1
2022;      205601301;1;2056;13;1;0;7;2;1
2022;      205601901;5;2056;19;1;3;9;2;1
2022;      205604001;3;2056;40;1;0;3;1;1
2022;      205604001;4;2056;40;1;0;3;2;2
2022;      206501501;2;2065;15;1;8;10;2;1
2022;      206502201;1;2065;22;1;8;11;1;1
2022;      206502201;2;2065;22;1;0;11;2;2
2022;      206707801;1;2067;78;1;98;98;2;1
2022;      206710401;2;2067;104;1;8;7;2;1
2022;      206802301;1;2068;23;1;7;10;2;1
2022;      206900101;1;2069;1;1;8;10;2;1
2022;      206903401;1;2069;34;1;7;9;2;1
2022;      206903501;6;2069;35;1;8;8;2;1
2022;      206905601;4;2069;56;1;7;9;2;1
2022;      207209301;1;2072;93;1;5;0;2;1
2022;      207300701;1;2073;7;1;7;11;1;1
2022;      207300701;2;2073;7;1;6;11;2;2
2022;      207300901;1;2073;9;1;7;11;2;1
2022;      207302101;1;2073;21;1;2;8;2;1
2022;      207401901;1;2074;19;1;0;11;1;1
2022;      207401901;2;2074;19;1;2;0;2;2
2022;      207503701;2;2075;37;1;7;10;2;1
2022;      207503801;1;2075;38;1;3;10;1;1
2022;      207503801;2;2075;38;1;8;10;2;2
2022;      207603401;1;2076;34;1;3;0;1;1
2022;      207603401;2;2076;34;1;5;3;2;2
2022;      207800801;1;2078;8;1;2;98;2;1
2022;      207806701;1;2078;67;1;3;3;2;1
2022;      208201901;1;2082;19;1;5;3;2;1
2022;      208800201;1;2088;2;1;2;11;2;1
2022;      209811001;1;2098;110;1;4;8;1;1
2022;      209811001;2;2098;110;1;3;6;2;2
2022;      210200501;1;2102;5;1;4;4;1;1
2022;      210200501;2;2102;5;1;2;3;2;2
2022;      210203901;1;2102;39;1;3;8;2;1
2022;      210208701;1;2102;87;1;5;8;2;1
2022;      210404101;4;2104;41;1;4;11;2;1
2022;      210407801;1;2104;78;1;4;11;2;1
2022;      210407901;2;2104;79;1;2;11;2;1
2022;      210507701;1;2105;77;1;1;11;2;1
2022;      210508001;1;2105;80;1;98;98;2;1
2022;      210913501;1;2109;135;1;2;10;2;1
2022;      211002201;6;2110;22;1;1;8;2;1
2022;      211008601;1;2110;86;1;6;8;2;1
2022;      211010201;1;2110;102;1;0;2;1;1
2022;      211010201;2;2110;102;1;0;6;2;2
2022;      211103801;1;2111;38;1;98;98;2;1
2022;      211104101;1;2111;41;1;3;8;1;1
2022;      211104101;2;2111;41;1;1;1;2;2
2022;      211112401;1;2111;124;1;4;3;2;1
2022;      211400301;1;2114;3;1;4;98;1;1
2022;      211400301;2;2114;3;1;5;98;2;2
2022;      211404901;1;2114;49;1;0;2;2;1
2022;      211405001;2;2114;50;1;1;9;2;1
2022;      211406201;3;2114;62;1;4;8;2;1
2022;      211502001;2;2115;20;1;5;11;2;1
2022;      211506501;5;2115;65;1;3;98;2;1
2022;      211602701;3;2116;27;1;8;3;2;1
2022;      211702201;1;2117;22;1;3;9;2;1
2022;      211702601;2;2117;26;1;4;9;2;1
2022;      211706801;1;2117;68;1;2;6;2;1
2022;      211800801;1;2118;8;1;8;9;1;1
2022;      211800801;2;2118;8;1;8;9;2;2
2022;      212000501;1;2120;5;1;0;2;2;1
2022;      212104701;1;2121;47;1;6;6;1;1
2022;      212104701;2;2121;47;1;4;6;2;2
2022;      212107501;1;2121;75;1;4;3;2;1
2022;      212301001;1;2123;10;1;8;0;2;1
2022;      212302701;1;2123;27;1;5;0;2;1
2022;      212310501;1;2123;105;1;7;2;2;1
2022;      212501601;1;2125;16;1;2;0;1;1
2022;      212501601;2;2125;16;1;4;0;2;2
2022;      212501801;3;2125;18;1;8;0;2;1
2022;      212505501;1;2125;55;1;2;7;2;1
2022;      212505601;5;2125;56;1;5;0;2;1
2022;      213101501;1;2131;15;1;1;3;2;1
2022;      213101701;1;2131;17;1;8;3;2;1
2022;      213104001;1;2131;40;1;8;6;1;1
2022;      213104001;2;2131;40;1;8;6;2;2
2022;      213202001;1;2132;20;1;98;98;2;1
2022;      213202101;1;2132;21;1;3;10;2;1
2022;      213203101;6;2132;31;1;3;10;2;1
2022;      213203301;1;2132;33;1;2;10;2;1
2022;      213304701;1;2133;47;1;3;9;1;1
2022;      213304701;2;2133;47;1;3;9;2;2
2022;      213310101;1;2133;101;1;3;9;2;1
2022;      213310201;1;2133;102;1;2;9;1;1
2022;      213310201;2;2133;102;1;2;9;2;2
2022;      213405901;4;2134;59;1;3;9;2;1
2022;      213601901;1;2136;19;1;4;3;1;1
2022;      213601901;2;2136;19;1;0;1;2;2
2022;      213602001;1;2136;20;1;6;7;2;1
2022;      213602601;1;2136;26;1;2;2;1;1
2022;      213602601;2;2136;26;1;0;2;2;2
2022;      213602901;1;2136;29;1;5;7;2;1
2022;      213603901;1;2136;39;1;4;3;2;1
2022;      213606501;1;2136;65;1;6;7;2;1
2022;      213606701;1;2136;67;1;4;7;2;1
2022;      213704401;1;2137;44;1;6;8;1;1
2022;      213704401;2;2137;44;1;5;8;2;2
2022;      213800101;1;2138;1;1;3;11;1;1
2022;      213800101;2;2138;1;1;5;11;2;2
2022;      213800201;1;2138;2;1;5;11;2;1
2022;      213907601;1;2139;76;1;6;11;1;1
2022;      213907601;2;2139;76;1;4;11;2;2
2022;      214808601;1;2148;86;1;2;11;2;1
2022;      215204301;1;2152;43;1;2;0;1;1
2022;      215204301;2;2152;43;1;6;0;2;2
2022;      215600401;1;2156;4;1;8;0;2;1
2022;      215606401;1;2156;64;1;5;0;2;1
2022;      216006301;4;2160;63;1;1;6;2;1
2022;      216609101;1;2166;91;1;8;0;2;1
2022;      216814701;1;2168;147;1;3;6;2;1
2022;      217104701;1;2171;47;1;7;0;2;1
2022;      217108301;1;2171;83;1;4;0;2;1
2022;      217108401;6;2171;84;1;6;0;2;1
2022;      217201801;1;2172;18;1;1;11;2;1
2022;      217301101;1;2173;11;1;0;5;2;1
2022;      217301401;2;2173;14;1;7;0;2;1
2022;      217408701;1;2174;87;1;6;0;2;1
2022;      217408901;4;2174;89;1;2;0;2;1
2022;      217500401;1;2175;4;1;3;0;2;1
2022;      217501001;1;2175;10;1;3;0;2;1
2022;      217602701;4;2176;27;1;2;8;2;1
2022;      217603301;1;2176;33;1;0;2;1;1
2022;      217603301;2;2176;33;1;7;8;2;2
2022;      217604101;7;2176;41;1;3;0;2;1
2022;      217710001;1;2177;100;1;0;2;2;1
2022;      218006001;1;2180;60;1;0;4;1;1
2022;      218006001;2;2180;60;1;0;4;2;2
2022;      218008501;1;2180;85;1;2;10;2;1
2022;      218200401;2;2182;4;1;1;0;2;1
2022;      218200701;2;2182;7;1;8;0;2;1
2022;      218201001;2;2182;10;1;5;0;2;1
2022;      218202601;1;2182;26;1;0;4;1;1
2022;      218202601;2;2182;26;1;5;0;2;2
2022;      218203001;5;2182;30;1;5;0;2;1
2022;      218203101;1;2182;31;1;8;0;2;1
2022;      218905001;1;2189;50;1;1;0;2;1
2022;      219001301;1;2190;13;1;3;0;1;1
2022;      219001301;2;2190;13;1;3;0;2;2
2022;      219007701;1;2190;77;1;2;0;2;1
2022;      219205701;1;2192;57;1;3;0;1;1
2022;      219205701;2;2192;57;1;2;0;2;2
2022;      219207801;1;2192;78;1;8;8;2;1
2022;      219208901;1;2192;89;1;0;6;1;1
2022;      219208901;2;2192;89;1;0;6;2;2
2022;      219404401;1;2194;44;1;3;6;2;1
2022;      219601901;1;2196;19;1;0;4;2;1
2022;      219702201;1;2197;22;1;8;0;2;1
2022;      219702501;3;2197;25;1;8;0;2;1
2022;      220008101;3;2200;81;1;2;7;2;1
2022;      222601901;6;2226;19;1;8;10;2;1
2022;      223301201;1;2233;12;1;2;9;2;1
2022;      223606701;7;2236;67;1;5;4;2;1
2022;      224101401;4;2241;14;1;4;8;2;1
2022;      225212001;8;2252;120;1;1;7;2;1
2022;      225701401;1;2257;14;1;8;8;1;1
2022;      225701401;2;2257;14;1;6;8;2;2
2022;      225702601;1;2257;26;1;8;5;2;1
2022;      226312501;4;2263;125;1;5;4;2;1
2022;      227802101;5;2278;21;1;5;0;2;1
2022;      228113101;4;2281;131;1;1;4;2;1
2022;      229410301;1;2294;103;1;0;5;2;1
2022;      229513901;1;2295;139;1;0;2;2;1
2022;      230309401;1;2303;94;1;7;3;2;1
2022;      230602901;2;2306;29;1;6;0;1;1
2022;      230602901;3;2306;29;1;6;0;2;2
2022;      230603701;1;2306;37;1;3;0;2;1
2022;      230908901;3;2309;89;1;3;0;2;1
2022;      231001301;1;2310;13;1;1;10;1;1
2022;      231001301;2;2310;13;1;1;10;2;2
2022;      231300101;1;2313;1;1;4;0;1;1
2022;      231300101;2;2313;1;1;3;0;2;2
2022;      231300201;1;2313;2;1;0;3;1;1
2022;      231300201;2;2313;2;1;0;3;2;2
2022;      231300301;2;2313;3;1;0;3;2;1
2022;      231300601;7;2313;6;1;4;0;2;1
2022;      231404001;1;2314;40;1;3;10;1;1
2022;      231404001;2;2314;40;1;3;10;2;2
2022;      231404401;1;2314;44;1;6;10;2;1
2022;      231408601;3;2314;86;1;5;10;2;1
2022;      231608201;1;2316;82;1;6;8;2;1
2022;      233905402;1;2339;54;2;2;0;2;1
2022;      234403701;5;2344;37;1;4;0;2;1
2022;      235705701;1;2357;57;1;4;4;2;1
2022;      236600701;1;2366;7;1;5;0;1;1
2022;      236600701;2;2366;7;1;5;0;2;2
2022;      237306301;9;2373;63;1;8;0;2;1
2022;      237306901;9;2373;69;1;2;0;2;1
2022;      237400101;1;2374;1;1;4;0;1;1
2022;      237400101;2;2374;1;1;3;1;2;2
2022;      238906801;1;2389;68;1;2;2;2;1
2022;      240202101;2;2402;21;1;2;0;2;1
2022;      240905801;1;2409;58;1;8;0;2;1
2022;      242109501;1;2421;95;1;5;0;2;1
2022;      242617201;1;2426;172;1;2;4;2;1
2022;      243011101;1;2430;111;1;0;1;2;1
2022;      243303701;1;2433;37;1;2;0;2;1
2022;      243305301;2;2433;53;1;0;4;2;1
2022;      243306101;1;2433;61;1;7;0;2;1
2022;      243308601;1;2433;86;1;6;0;1;1
2022;      243308601;2;2433;86;1;2;0;2;2
2022;      243504701;1;2435;47;1;2;8;1;1
2022;      243504701;2;2435;47;1;2;8;2;2
2022;      243714601;1;2437;146;1;3;5;2;1
2022;      245102501;6;2451;25;1;1;7;2;1
2022;      245603501;7;2456;35;1;2;9;2;1
2022;      246401601;3;2464;16;1;2;6;2;1
2022;      247700801;7;2477;8;1;4;4;2;1
2022;      248011101;4;2480;111;1;0;6;2;1
2022;      248013501;1;2480;135;1;3;8;2;1
2022;      251310501;6;2513;105;1;6;0;2;1
2022;      252101401;7;2521;14;1;4;6;2;1
2022;      252401901;1;2524;19;1;2;10;2;1
2022;      260907901;1;2609;79;1;4;0;2;1
2022;      261606701;1;2616;67;1;4;3;2;1
2022;      261705201;7;2617;52;1;1;7;2;1
2022;      261708101;2;2617;81;1;3;8;2;1
2022;      262308001;8;2623;80;1;8;11;2;1
2022;      262709601;4;2627;96;1;5;2;2;1
2022;      263011501;2;2630;115;1;3;11;2;1
2022;      263406201;1;2634;62;1;4;6;1;1
2022;      263406201;2;2634;62;1;3;6;2;2
2022;      263910601;7;2639;106;1;3;0;2;1
2022;      265901201;1;2659;12;1;2;9;2;1
2022;      265902801;1;2659;28;1;2;9;2;1
2022;      265903901;1;2659;39;1;1;10;2;1
2022;      265904501;6;2659;45;1;1;9;2;1
2022;      266005901;5;2660;59;1;3;1;2;1
2022;      266304001;2;2663;40;1;7;0;2;1
2022;      266307201;1;2663;72;1;6;0;2;1
2022;      266402001;1;2664;20;1;5;10;1;1
2022;      266402001;2;2664;20;1;4;10;2;2
2022;      266402901;3;2664;29;1;4;5;2;1
2022;      266404501;1;2664;45;1;3;6;1;1
2022;      266404501;2;2664;45;1;3;6;2;2
2022;      266503101;1;2665;31;1;98;98;2;1
2022;      266503201;1;2665;32;1;5;8;2;1
2022;      266503301;1;2665;33;1;2;4;2;1
2022;      266910201;5;2669;102;1;98;98;2;1
2022;      267303001;2;2673;30;1;6;11;2;1
2022;      267403801;1;2674;38;1;1;8;2;1
2022;      267411801;1;2674;118;1;1;9;2;1
2022;      267513401;1;2675;134;1;0;2;2;1
2022;      267517001;1;2675;170;1;5;6;2;1
2022;      267704001;1;2677;40;1;4;5;2;1
2022;      267707401;2;2677;74;1;7;6;2;1
2022;      267821401;1;2678;214;1;0;8;2;1
2022;      267913001;1;2679;130;1;8;0;2;1
2022;      267914801;1;2679;148;1;6;8;2;1
2022;      268017401;6;2680;174;1;1;6;2;1
2022;      268301501;1;2683;15;1;4;4;2;1
2022;      268306601;1;2683;66;1;3;5;1;1
2022;      268306601;2;2683;66;1;1;5;2;2
2022;      268401101;1;2684;11;1;0;9;2;1
2022;      268806801;9;2688;68;1;4;2;2;1
2022;      269512001;7;2695;120;1;0;4;2;1
2022;      269514501;1;2695;145;1;8;9;1;1
2022;      269514501;2;2695;145;1;8;9;2;2
2022;      270009601;1;2700;96;1;6;9;2;1
2022;      270010501;1;2700;105;1;1;4;2;1
2022;      270210201;1;2702;102;1;5;7;1;1
2022;      270210201;2;2702;102;1;5;7;2;2
2022;      270211701;1;2702;117;1;7;7;1;1
2022;      270211701;2;2702;117;1;7;7;2;2
2022;      270213401;1;2702;134;1;5;6;2;1
2022;      270322701;1;2703;227;1;1;3;2;1
2022;      270404001;1;2704;40;1;0;9;1;1
2022;      270404001;2;2704;40;1;0;2;2;2
2022;      270406701;1;2704;67;1;8;0;2;1
2022;      270407701;1;2704;77;1;1;0;2;1
2022;      270611301;2;2706;113;1;0;2;2;1
2022;      270708601;6;2707;86;1;1;11;2;1
2022;      270711301;7;2707;113;1;3;10;2;1
2022;      270712701;2;2707;127;1;2;5;2;1
2022;      270804101;8;2708;41;1;7;6;2;1
2022;      270806801;1;2708;68;1;4;0;2;1
2022;      270906301;5;2709;63;1;0;3;2;1
2022;      271307201;2;2713;72;1;6;7;2;1
2022;      271602201;1;2716;22;1;0;2;2;1
2022;      271602401;1;2716;24;1;0;11;2;1
2022;      271606001;1;2716;60;1;4;5;2;1
2022;      271900401;10;2719;4;1;3;9;2;1
2022;      271911901;1;2719;119;1;3;9;2;1
2022;      272014501;9;2720;145;1;1;7;2;1
2022;      272100601;6;2721;6;1;2;0;2;1
2022;      272114601;1;2721;146;1;0;3;2;1
2022;      272200701;1;2722;7;1;6;4;1;1
2022;      272200701;2;2722;7;1;6;3;2;2
2022;      272206001;1;2722;60;1;4;3;2;1
2022;      272808801;2;2728;88;1;7;4;2;1
2022;      275708601;9;2757;86;1;6;4;2;1
2022;      276102101;2;2761;21;1;5;4;2;1
2022;      276403801;1;2764;38;1;0;2;2;1
2022;      276905501;1;2769;55;1;2;11;2;1
2022;      277101301;3;2771;13;1;3;7;2;1
2022;      277201001;6;2772;10;1;6;10;2;1
2022;      278106601;4;2781;66;1;1;2;2;1
2022;      279100801;3;2791;8;1;3;10;2;1
2022;      281810201;2;2818;102;1;3;0;2;1
2022;      283800301;1;2838;3;1;4;4;1;1
2022;      283800301;2;2838;3;1;4;4;2;2
2022;      284001401;1;2840;14;1;5;10;1;1
2022;      284001401;2;2840;14;1;3;10;2;2
2022;      284001501;2;2840;15;1;2;10;1;1
2022;      284001501;3;2840;15;1;2;10;2;2
2022;      284003501;4;2840;35;1;5;9;2;1
2022;      284101801;1;2841;18;1;2;6;1;1
2022;      284101801;2;2841;18;1;0;4;2;2
2022;      284102201;1;2841;22;1;2;7;2;1
2022;      286005301;4;2860;53;1;2;11;2;1
2022;      286300601;1;2863;6;1;8;11;2;1
2022;      286602701;1;2866;27;1;8;8;2;1
2022;      286701601;1;2867;16;1;8;10;2;1
2022;      286702701;1;2867;27;1;5;0;1;1
2022;      286702701;2;2867;27;1;4;0;2;2
2022;      286800401;1;2868;4;1;8;0;2;1
2022;      287503301;1;2875;33;1;0;3;2;1
2022;      288105801;1;2881;58;1;3;0;1;1
2022;      288105801;2;2881;58;1;1;0;2;2
2022;      288406801;1;2884;68;1;1;6;2;1
2022;      288504701;2;2885;47;1;1;0;2;1
2022;      288505201;6;2885;52;1;3;9;2;1
2022;      289105501;2;2891;55;1;2;0;2;1
2022;      289604901;1;2896;49;1;8;11;2;1
2022;      289605101;2;2896;51;1;4;9;2;1
2022;      289702401;2;2897;24;1;8;5;2;1
2022;      289702601;1;2897;26;1;5;5;1;1
2022;      289702601;6;2897;26;1;7;5;2;2
2022;      289805001;5;2898;50;1;2;9;2;1
2022;      291807101;1;2918;71;1;0;3;2;1
2022;      292108001;1;2921;80;1;1;0;2;1
2022;      293103101;2;2931;31;1;3;5;2;1
2022;      293312901;1;2933;129;1;0;6;2;1
2022;      294407001;1;2944;70;1;7;0;2;1
2022;      294504701;1;2945;47;1;7;0;1;1
2022;      294504701;2;2945;47;1;4;0;2;2
2022;      294713301;6;2947;133;1;5;0;2;1
2022;      294900501;8;2949;5;1;2;0;2;1
2022;      294900601;1;2949;6;1;8;0;1;1
2022;      294900601;2;2949;6;1;6;0;2;2
2022;      294901101;1;2949;11;1;5;4;1;1
2022;      294901101;2;2949;11;1;5;4;2;2
2022;      294911201;1;2949;112;1;3;0;1;1
2022;      294911201;2;2949;112;1;3;0;2;2
2022;      295005001;1;2950;50;1;3;0;2;1
2022;      295205501;1;2952;55;1;3;11;1;1
2022;      295205501;2;2952;55;1;2;11;2;2
2022;      295402401;1;2954;24;1;2;0;1;1
2022;      295402401;2;2954;24;1;2;0;2;2
2022;      295402601;1;2954;26;1;4;0;2;1
2022;      295502601;1;2955;26;1;5;11;2;1
2022;      296011801;1;2960;118;1;4;0;2;1
2022;      296504101;4;2965;41;1;7;98;2;1
2022;      296710001;1;2967;100;1;98;98;2;1
2022;      296911201;1;2969;112;1;5;7;2;1
2022;      297102401;1;2971;24;1;2;8;2;1
2022;      298504201;6;2985;42;1;7;10;2;1
2022;      298605901;1;2986;59;1;0;6;1;1
2022;      298605901;2;2986;59;1;2;8;2;2
2022;      298606101;1;2986;61;1;3;10;1;1
2022;      298606101;2;2986;61;1;1;10;2;2
2022;      298607301;1;2986;73;1;8;98;2;1
2022;      298707501;1;2987;75;1;5;0;2;1
2022;      298911401;1;2989;114;1;3;7;1;1
2022;      298911401;2;2989;114;1;2;7;2;2
2022;      298911501;1;2989;115;1;4;6;2;1
2022;      298911601;1;2989;116;1;3;7;1;1
2022;      298911601;2;2989;116;1;3;7;2;2
2022;      298912601;1;2989;126;1;3;0;2;1
2022;      299203101;1;2992;31;1;98;98;2;1
2022;      299207401;1;2992;74;1;1;6;2;1
2022;      299207701;1;2992;77;1;1;0;2;1
2022;      299207801;1;2992;78;1;8;98;2;1
2022;      299207901;1;2992;79;1;1;7;2;1
2022;      299505801;1;2995;58;1;1;4;2;1
2022;      299700201;1;2997;2;1;3;0;1;1
2022;      299700201;2;2997;2;1;3;98;2;2
2022;      299700401;1;2997;4;1;4;0;2;1
2022;      299700501;1;2997;5;1;3;8;2;1
2022;      299700801;1;2997;8;1;2;0;2;1
2022;      299701201;1;2997;12;1;2;0;1;1
2022;      299701201;2;2997;12;1;3;98;2;2
2022;      299701501;1;2997;15;1;7;8;2;1
2022;      299706501;2;2997;65;1;5;98;2;1
2022;      300104501;1;3001;45;1;6;0;2;1
2022;      300502101;1;3005;21;1;7;6;2;1
2022;      300601901;5;3006;19;1;2;0;2;1
2022;      300704301;4;3007;43;1;0;8;2;1
2022;      300704701;1;3007;47;1;2;98;2;1
2022;      300704901;1;3007;49;1;3;98;2;1
2022;      300705201;1;3007;52;1;8;8;2;1
2022;      300712001;2;3007;120;1;5;8;2;1
2022;      300805101;4;3008;51;1;8;98;2;1
2022;      300900101;1;3009;1;1;5;10;2;1
2022;      300900201;1;3009;2;1;4;0;2;1
2022;      300900501;1;3009;5;1;3;0;2;1
2022;      300900801;1;3009;8;1;8;98;2;1
2022;      301000901;6;3010;9;1;6;0;2;1
2022;      301001601;1;3010;16;1;2;6;2;1
2022;      301002401;1;3010;24;1;4;0;2;1
2022;      301002601;1;3010;26;1;98;98;2;1
2022;      301204701;1;3012;47;1;3;98;2;1
2022;      301503801;5;3015;38;1;7;8;2;1
2022;      301810101;3;3018;101;1;5;11;2;1
2022;      302205001;2;3022;50;1;3;9;2;1
2022;      302206001;4;3022;60;1;4;9;2;1
2022;      303709401;7;3037;94;1;5;0;2;1
2022;      304610101;4;3046;101;1;8;10;2;1
2022;      304902301;1;3049;23;1;5;11;2;1
2022;      305008501;1;3050;85;1;7;10;2;1
2022;      305011001;1;3050;110;1;3;11;2;1
2022;      305604701;1;3056;47;1;4;8;2;1
2022;      305807101;1;3058;71;1;6;4;2;1
2022;      306200801;1;3062;8;1;8;7;2;1
2022;      306211101;7;3062;111;1;2;7;2;1
2022;      306701501;1;3067;15;1;5;6;2;1
2022;      312801501;1;3128;15;1;0;6;1;1
2022;      312801501;2;3128;15;1;0;6;2;2
2022;      312801601;1;3128;16;1;1;10;1;1
2022;      312801601;2;3128;16;1;2;10;2;2
2022;      312803301;1;3128;33;1;0;6;2;1
2022;      312804401;1;3128;44;1;0;2;1;1
2022;      312804401;2;3128;44;1;0;2;2;2
2022;      312805801;6;3128;58;1;0;11;2;1
2022;      312806101;1;3128;61;1;5;4;2;1
2022;      313407401;6;3134;74;1;98;8;2;1
2022;      313803701;1;3138;37;1;2;3;2;1
2022;      314118601;1;3141;186;1;6;4;2;1
2022;      314201201;4;3142;12;1;2;2;2;1
2022;      314403701;1;3144;37;1;8;0;2;1
2022;      314700801;1;3147;8;1;0;4;1;1
2022;      314700801;2;3147;8;1;1;8;2;2
2022;      315305801;2;3153;58;1;4;0;2;1
2022;      315506901;1;3155;69;1;4;0;2;1
2022;      316400501;1;3164;5;1;8;0;2;1
2022;      316711801;2;3167;118;1;0;2;2;1
2022;      319008501;1;3190;85;1;5;0;1;1
2022;      319008501;2;3190;85;1;4;0;2;2
2022;      319202701;2;3192;27;1;0;1;2;1
2022;      319805401;1;3198;54;1;0;3;2;1
2022;      320009201;1;3200;92;1;0;2;2;1
2022;      321413401;1;3214;134;1;0;2;2;1
2022;      321702001;5;3217;20;1;0;4;2;1
2022;      321905201;4;3219;52;1;2;4;2;1
2022;      321908401;9;3219;84;1;0;3;2;1
2022;      322304201;1;3223;42;1;8;4;2;1
2022;      322404101;1;3224;41;1;4;6;2;1
2022;      322603901;1;3226;39;1;4;10;2;1
2022;      322700401;1;3227;4;1;5;2;2;1
2022;      323902401;7;3239;24;1;5;3;2;1
2022;      323910101;7;3239;101;1;5;8;2;1
2022;      324307201;2;3243;72;1;5;8;2;1
2022;      324610201;1;3246;102;1;0;3;1;1
2022;      324610201;2;3246;102;1;0;3;2;2
2022;      324913301;1;3249;133;1;8;5;1;1
2022;      324913301;2;3249;133;1;6;5;2;2
2022;      325001901;1;3250;19;1;2;4;1;1
2022;      325001901;2;3250;19;1;0;9;2;2
2022;      325100401;1;3251;4;1;3;2;2;1
2022;      325202701;1;3252;27;1;5;0;2;1
2022;      325400901;1;3254;9;1;1;5;1;1
2022;      325400901;2;3254;9;1;2;5;2;2
2022;      325410301;2;3254;103;1;3;4;2;1
2022;      325609301;1;3256;93;1;3;5;2;1
2022;      325704001;6;3257;40;1;7;6;2;1
2022;      325707501;6;3257;75;1;4;2;2;1
2022;      326011001;1;3260;110;1;5;0;2;1
2022;      326514701;1;3265;147;1;1;11;2;1
2022;      326600301;1;3266;3;1;6;0;2;1
2022;      326602201;1;3266;22;1;5;0;2;1
2022;      326810601;1;3268;106;1;3;0;2;1
2022;      327004601;1;3270;46;1;8;1;2;1
2022;      327008001;1;3270;80;1;6;1;2;1
2022;      327109001;1;3271;90;1;3;1;2;1
2022;      327207301;5;3272;73;1;4;8;2;1
2022;      327210401;3;3272;104;1;7;9;2;1
2022;      327406901;1;3274;69;1;2;5;2;1
2022;      328102901;1;3281;29;1;8;0;2;1
2022;      328304101;1;3283;41;1;8;0;2;1
2022;      328502501;1;3285;25;1;5;0;2;1
2022;      328502701;2;3285;27;1;5;0;2;1
2022;      328502901;1;3285;29;1;3;0;2;1
2022;      328607101;1;3286;71;1;0;6;2;1
2022;      328703601;6;3287;36;1;6;1;2;1
2022;      328800401;2;3288;4;1;3;0;2;1
2022;      328805601;1;3288;56;1;5;0;2;1
2022;      328914501;1;3289;145;1;3;0;1;1
2022;      328914501;2;3289;145;1;3;0;2;2
2022;      329001701;1;3290;17;1;3;0;2;1
2022;      329007701;1;3290;77;1;4;0;2;1
2022;      329104501;7;3291;45;1;6;0;2;1
2022;      329410801;4;3294;108;1;3;3;2;1
2022;      329503401;6;3295;34;1;2;0;2;1
2022;      329801601;3;3298;16;1;3;0;2;1
2022;      330110701;1;3301;107;1;7;0;2;1
2022;      330110901;4;3301;109;1;8;11;2;1
2022;      330111801;1;3301;118;1;98;98;1;1
2022;      330111801;2;3301;118;1;98;98;2;2
2022;      330205501;6;3302;55;1;2;0;2;1
2022;      330209301;6;3302;93;1;8;0;2;1
2022;      330211801;1;3302;118;1;3;0;1;1
2022;      330211801;2;3302;118;1;3;0;2;2
2022;      330212101;1;3302;121;1;8;0;2;1
2022;      330400501;1;3304;5;1;6;0;1;1
2022;      330400501;2;3304;5;1;2;0;2;2
2022;      330403001;1;3304;30;1;3;0;2;1
2022;      330605601;3;3306;56;1;6;0;2;1
2022;      330701401;1;3307;14;1;2;0;2;1
2022;      330801301;1;3308;13;1;2;0;1;1
2022;      330801301;2;3308;13;1;2;0;2;2
2022;      330801901;1;3308;19;1;5;0;1;1
2022;      330801901;2;3308;19;1;5;0;2;2
2022;      330806501;1;3308;65;1;6;0;1;1
2022;      330806501;2;3308;65;1;6;0;2;2
2022;      330902601;6;3309;26;1;1;6;2;1
2022;      330910401;1;3309;104;1;3;3;2;1
2022;      331003001;1;3310;30;1;7;3;2;1
2022;      331005101;1;3310;51;1;3;0;2;1
2022;      332503301;4;3325;33;1;5;0;2;1
2022;      333010701;2;3330;107;1;98;98;2;1
2022;      333402101;1;3334;21;1;8;0;2;1
2022;      333511901;6;3335;119;1;5;0;2;1
2022;      333800101;8;3338;1;1;8;0;2;1
2022;      334402901;1;3344;29;1;0;4;1;1
2022;      334402901;2;3344;29;1;0;2;2;2
2022;      334602801;7;3346;28;1;4;2;2;1
2022;      334701601;7;3347;16;1;5;0;2;1
2022;      334701901;1;3347;19;1;4;0;2;1
2022;      334709501;2;3347;95;1;2;6;2;1
2022;      334709701;1;3347;97;1;3;5;2;1
2022;      334803301;2;3348;33;1;98;98;2;1
2022;      334900301;1;3349;3;1;4;0;2;1
2022;      335001801;1;3350;18;1;2;2;2;1
2022;      335005801;3;3350;58;1;8;0;2;1
2022;      335107101;3;3351;71;1;5;0;2;1
2022;      335208401;2;3352;84;1;3;0;2;1
2022;      335300501;1;3353;5;1;7;0;1;1
2022;      335300501;2;3353;5;1;7;0;2;2
2022;      335301801;1;3353;18;1;3;0;2;1
2022;      335304101;1;3353;41;1;5;0;2;1
2022;      335304201;1;3353;42;1;4;0;1;1
2022;      335304201;2;3353;42;1;4;0;2;2
2022;      335304801;1;3353;48;1;2;0;1;1
2022;      335304801;2;3353;48;1;2;0;2;2
2022;      335709201;1;3357;92;1;8;0;1;1
2022;      335709201;2;3357;92;1;2;0;2;2
2022;      335812301;1;3358;123;1;3;0;2;1
2022;      336004201;1;3360;42;1;0;3;2;1
2022;      336200101;1;3362;1;1;98;98;1;1
2022;      336200101;2;3362;1;1;2;0;2;2
2022;      336200501;1;3362;5;1;6;0;2;1
2022;      336205301;1;3362;53;1;4;2;2;1
2022;      336707101;1;3367;71;1;2;4;1;1
2022;      336707101;2;3367;71;1;1;3;2;2
2022;      336807001;1;3368;70;1;3;98;2;1
2022;      336809101;1;3368;91;1;4;0;1;1
2022;      336809101;2;3368;91;1;3;0;2;2
2022;      337002201;6;3370;22;1;5;0;2;1
2022;      337700201;1;3377;2;1;1;3;2;1
2022;      337708001;6;3377;80;1;1;5;2;1
2022;      337902501;1;3379;25;1;0;3;2;1
2022;      338011801;2;3380;118;1;7;5;2;1
2022;      338903301;1;3389;33;1;0;2;2;1
2022;      340400101;1;3404;1;1;8;0;2;1
2022;      340402401;1;3404;24;1;3;98;2;1
2022;      340514101;1;3405;141;1;3;1;2;1
2022;      340601601;1;3406;16;1;5;2;2;1
2022;      340605201;1;3406;52;1;1;0;2;1
2022;      340606101;1;3406;61;1;1;2;2;1
2022;      340708701;1;3407;87;1;2;3;2;1
2022;      340803401;1;3408;34;1;8;0;2;1
2022;      340805201;3;3408;52;1;5;2;2;1
2022;      341001101;1;3410;11;1;7;2;2;1
2022;      341112501;1;3411;125;1;4;0;2;1
2022;      341703601;2;3417;36;1;3;1;2;1
2022;      341802301;1;3418;23;1;5;0;2;1
2022;      342001801;1;3420;18;1;3;98;2;1
2022;      342002001;1;3420;20;1;7;98;1;1
2022;      342002001;2;3420;20;1;7;0;2;2
2022;      342006401;1;3420;64;1;4;5;2;1
2022;      342006901;1;3420;69;1;2;2;2;1
2022;      342100401;1;3421;4;1;3;0;2;1
2022;      342100501;1;3421;5;1;4;6;1;1
2022;      342100501;2;3421;5;1;3;6;2;2
2022;      342101801;9;3421;18;1;0;2;2;1
2022;      342300501;1;3423;5;1;2;2;1;1
2022;      342300501;2;3423;5;1;2;2;2;2
2022;      342301701;1;3423;17;1;3;98;2;1
2022;      342304601;7;3423;46;1;1;0;2;1
2022;      342604401;1;3426;44;1;5;0;2;1
2022;      342604601;1;3426;46;1;6;98;2;1
2022;      342703001;1;3427;30;1;5;98;2;1
2022;      342705601;1;3427;56;1;98;98;2;1
2022;      343213101;5;3432;131;1;8;3;2;1
2022;      343713801;1;3437;138;1;4;5;2;1
2022;      343811801;7;3438;118;1;1;3;2;1
2022;      344005201;5;3440;52;1;5;0;2;1
2022;      344102901;1;3441;29;1;2;0;2;1
2022;      344106301;1;3441;63;1;6;0;2;1
2022;      344107601;1;3441;76;1;5;0;2;1
2022;      344206701;2;3442;67;1;2;0;2;1
2022;      344307501;1;3443;75;1;1;0;2;1
2022;      344411301;1;3444;113;1;1;0;2;1
2022;      345602601;1;3456;26;1;8;0;2;1
2022;      346801001;1;3468;10;1;2;3;2;1
2022;      347700601;4;3477;6;1;8;5;2;1
2022;      347800601;1;3478;6;1;7;1;1;1
2022;      347800601;2;3478;6;1;7;1;2;2
2022;      347907601;2;3479;76;1;3;5;2;1
2022;      348500601;1;3485;6;1;5;8;1;1
2022;      348500601;2;3485;6;1;5;10;2;2
2022;      349006901;1;3490;69;1;2;0;2;1
2022;      349803001;1;3498;30;1;5;0;2;1
2022;      350210501;1;3502;105;1;98;98;2;1
2022;      350405701;6;3504;57;1;0;8;2;1
2022;      350600601;1;3506;6;1;5;0;1;1
2022;      350600601;2;3506;6;1;3;0;2;2
2022;      350708301;1;3507;83;1;3;0;2;1
2022;      350713401;1;3507;134;1;8;0;2;1
2022;      350713601;6;3507;136;1;6;0;2;1
2022;      350800201;1;3508;2;1;2;0;2;1
2022;      350812101;1;3508;121;1;8;0;2;1
2022;      350903301;1;3509;33;1;5;0;2;1
2022;      350907201;8;3509;72;1;3;1;2;1
2022;      351006801;5;3510;68;1;5;6;2;1
2022;      352117601;2;3521;176;1;4;5;2;1
2022;      352118701;1;3521;187;1;6;3;2;1
2022;      352301001;1;3523;10;1;8;0;2;1
2022;      352310201;4;3523;102;1;2;2;2;1
2022;      352403601;1;3524;36;1;4;0;2;1
2022;      352806901;1;3528;69;1;5;0;2;1
2022;      353001301;5;3530;13;1;8;2;2;1
2022;      355002601;8;3550;26;1;98;98;2;1
2022;      355519501;7;3555;195;1;2;1;2;1
2022;      356015401;7;3560;154;1;2;0;2;1
2022;      356416401;7;3564;164;1;4;3;2;1
2022;      358707601;1;3587;76;1;2;3;1;1
2022;      358707601;2;3587;76;1;2;3;2;2
2022;      359105701;6;3591;57;1;5;2;2;1
2022;      359504301;2;3595;43;1;1;2;2;1
2022;      359815701;6;3598;157;1;6;2;2;1
2022;      360200402;1;3602;4;2;1;2;2;1
2022;      360400601;1;3604;6;1;3;2;1;1
2022;      360400601;2;3604;6;1;3;2;2;2
2022;      360401601;4;3604;16;1;3;3;2;1
2022;      360604601;1;3606;46;1;4;6;2;1
2022;      360709201;1;3607;92;1;3;3;2;1
2022;      360811701;1;3608;117;1;3;0;2;1
2022;      361203301;4;3612;33;1;5;0;2;1
2022;      361212601;1;3612;126;1;2;0;2;1
2022;      361304001;1;3613;40;1;4;4;2;1
2022;      361308701;1;3613;87;1;3;5;2;1
2022;      361405001;2;3614;50;1;0;3;2;1
2022;      361700901;1;3617;9;1;7;4;2;1
2022;      362100201;1;3621;2;1;4;0;2;1
2022;      362103501;5;3621;35;1;2;0;2;1
2022;      362212501;1;3622;125;1;8;4;1;1
2022;      362212501;2;3622;125;1;5;4;2;2
2022;      362212701;3;3622;127;1;5;4;2;1
2022;      362303601;1;3623;36;1;5;0;1;1
2022;      362303601;2;3623;36;1;5;0;2;2
2022;      362303701;8;3623;37;1;7;0;2;1
2022;      362303901;1;3623;39;1;8;0;2;1
2022;      362317301;2;3623;173;1;4;0;2;1
2022;      362317401;1;3623;174;1;0;1;2;1
2022;      362400101;6;3624;1;1;4;6;1;1
2022;      362400101;8;3624;1;1;0;1;2;2
2022;      362400901;6;3624;9;1;2;6;2;1
2022;      362402101;10;3624;21;1;8;6;2;1
2022;      362402301;1;3624;23;1;1;6;2;1
2022;      362405501;1;3624;55;1;1;6;2;1
2022;      363400901;3;3634;9;1;0;4;2;1
2022;      363701701;4;3637;17;1;0;1;2;1
2022;      363804401;5;3638;44;1;98;98;2;1
2022;      364004301;1;3640;43;1;4;0;2;1
2022;      364200301;1;3642;3;1;4;4;2;1
2022;      364400301;1;3644;3;1;1;3;1;1
2022;      364400301;2;3644;3;1;1;3;2;2
2022;      364804701;1;3648;47;1;4;0;2;1
2022;      365506301;1;3655;63;1;1;0;2;1
2022;      366101901;1;3661;19;1;0;3;2;1
2022;      366103101;1;3661;31;1;0;1;2;1
2022;      366401001;1;3664;10;1;5;0;2;1
2022;      366403601;3;3664;36;1;4;0;2;1
2022;      366404801;1;3664;48;1;3;0;2;1
2022;      366405001;1;3664;50;1;0;2;1;1
2022;      366405001;2;3664;50;1;0;6;2;2
2022;      366405101;3;3664;51;1;7;0;2;1
2022;      366504801;2;3665;48;1;2;1;2;1
2022;      366604301;6;3666;43;1;98;98;2;1
2022;      367611501;1;3676;115;1;1;0;2;1
2022;      368001601;1;3680;16;1;4;5;2;1
2022;      368005601;1;3680;56;1;8;3;2;1
2022;      368508801;3;3685;88;1;0;11;2;1
2022;      368806801;1;3688;68;1;1;11;1;1
2022;      368806801;2;3688;68;1;0;11;2;2
2022;      368808201;1;3688;82;1;98;98;2;1
2022;      369609001;1;3696;90;1;0;4;2;1
2022;      369811401;1;3698;114;1;1;0;2;1
2022;      370103201;3;3701;32;1;3;0;2;1
2022;      370200801;1;3702;8;1;0;2;2;1
2022;      370205801;1;3702;58;1;4;0;1;1
2022;      370205801;2;3702;58;1;3;0;2;2
2022;      370312201;1;3703;122;1;5;0;1;1
2022;      370312201;2;3703;122;1;4;0;2;2
2022;      371107101;4;3711;71;1;7;0;2;1
2022;      371303801;1;3713;38;1;1;0;2;1
2022;      371406901;1;3714;69;1;3;2;1;1
2022;      371406901;2;3714;69;1;2;2;2;2
2022;      371503301;1;3715;33;1;8;2;2;1
2022;      371606101;1;3716;61;1;8;4;2;1
2022;      371805901;1;3718;59;1;3;0;2;1
2022;      371902501;1;3719;25;1;2;4;2;1
2022;      371914601;2;3719;146;1;5;1;2;1
2022;      371914801;1;3719;148;1;8;2;1;1
2022;      371914801;2;3719;148;1;8;2;2;2
2022;      372002501;1;3720;25;1;8;0;2;1
2022;      372010101;1;3720;101;1;8;0;1;1
2022;      372010101;2;3720;101;1;8;0;2;2
2022;      372107601;1;3721;76;1;4;5;1;1
2022;      372107601;2;3721;76;1;4;5;2;2
2022;      372406601;6;3724;66;1;2;98;2;1
2022;      372411201;6;3724;112;1;0;2;2;1
2022;      372901801;7;3729;18;1;5;3;2;1
2022;      373004901;2;3730;49;1;6;4;2;1
2022;      373206101;1;3732;61;1;5;6;2;1
2022;      373500701;1;3735;7;1;4;0;1;1
2022;      373500701;2;3735;7;1;4;0;2;2
2022;      375802001;5;3758;20;1;6;2;2;1
2022;      376001501;1;3760;15;1;5;1;2;1
2022;      377001801;1;3770;18;1;4;0;2;1
2022;      377312801;1;3773;128;1;7;0;1;1
2022;      377312801;2;3773;128;1;5;0;2;2
2022;      377403601;1;3774;36;1;5;0;2;1
2022;      377905201;1;3779;52;1;5;2;1;1
2022;      377905201;2;3779;52;1;0;2;2;2
2022;      378103001;5;3781;30;1;5;0;2;1
2022;      378202701;4;3782;27;1;3;0;2;1
2022;      378214601;1;3782;146;1;8;0;2;1
2022;      378405401;5;3784;54;1;7;0;2;1
2022;      378808901;1;3788;89;1;2;3;2;1
2022;      379308801;1;3793;88;1;8;0;2;1
2022;      379311201;1;3793;112;1;8;2;2;1
2022;      379801001;1;3798;10;1;1;4;2;1
2022;      380106501;1;3801;65;1;5;0;2;1
2022;      380402701;6;3804;27;1;3;0;2;1
2022;      380514101;1;3805;141;1;4;0;2;1
2022;      380603301;2;3806;33;1;4;6;2;1
2022;      380906501;5;3809;65;1;0;6;2;1
2022;      381222901;1;3812;229;1;3;8;2;1
2022;      381304801;1;3813;48;1;0;6;2;1
2022;      381311901;1;3813;119;1;0;2;2;1
2022;      381502901;2;3815;29;1;0;1;2;1
2022;      381503001;1;3815;30;1;1;9;2;1
2022;      381503301;3;3815;33;1;1;0;2;1
2022;      381506301;1;3815;63;1;2;9;2;1
2022;      381506401;1;3815;64;1;4;10;2;1
2022;      381601701;1;3816;17;1;4;0;2;1
2022;      381602701;1;3816;27;1;5;0;1;1
2022;      381602701;2;3816;27;1;2;0;2;2
2022;      381707901;2;3817;79;1;2;98;2;1
2022;      382306801;1;3823;68;1;2;3;2;1
2022;      383107101;1;3831;71;1;2;0;1;1
2022;      383107101;2;3831;71;1;2;0;2;2
2022;      383200601;3;3832;6;1;5;8;2;1
2022;      383200801;6;3832;8;1;4;8;2;1
2022;      383202601;1;3832;26;1;3;8;2;1
2022;      383203601;1;3832;36;1;8;8;2;1
2022;      383304001;1;3833;40;1;7;10;1;1
2022;      383304001;2;3833;40;1;7;10;2;2
2022;      383304401;1;3833;44;1;7;10;2;1
2022;      383500801;1;3835;8;1;3;0;2;1
2022;      383503301;1;3835;33;1;3;0;2;1
2022;      383503401;1;3835;34;1;3;6;1;1
2022;      383503401;2;3835;34;1;1;6;2;2
2022;      383603101;6;3836;31;1;1;0;1;1
2022;      383603101;7;3836;31;1;1;0;2;2
2022;      383800901;4;3838;9;1;8;0;2;1
2022;      384108901;7;3841;89;1;4;0;2;1
2022;      384406201;1;3844;62;1;3;0;2;1
2022;      384500201;8;3845;2;1;5;0;2;1
2022;      384500301;1;3845;3;1;0;3;2;1
2022;      384501801;1;3845;18;1;1;7;2;1
2022;      384601401;1;3846;14;1;5;0;2;1
2022;      384702901;6;3847;29;1;5;9;2;1
2022;      384706001;5;3847;60;1;0;4;2;1
2022;      384706101;5;3847;61;1;5;0;2;1
2022;      384900501;2;3849;5;1;8;0;2;1
2022;      384904701;1;3849;47;1;1;4;1;1
2022;      384904701;2;3849;47;1;5;2;2;2
2022;      385002601;5;3850;26;1;0;6;2;1
2022;      385005801;1;3850;58;1;6;0;1;1
2022;      385005801;2;3850;58;1;6;0;2;2
2022;      385104101;6;3851;41;1;7;0;2;1
2022;      385106101;1;3851;61;1;8;0;2;1
2022;      385106501;3;3851;65;1;4;0;1;1
2022;      385106501;4;3851;65;1;5;0;2;2
2022;      385202301;1;3852;23;1;98;98;2;1
2022;      385204001;1;3852;40;1;98;98;2;1
2022;      385303401;1;3853;34;1;4;0;2;1
2022;      385305401;1;3853;54;1;0;8;2;1
2022;      387501801;4;3875;18;1;2;0;2;1
2022;      387708001;2;3877;80;1;0;6;2;1
2022;      387802201;2;3878;22;1;2;0;2;1
2022;      388203601;1;3882;36;1;3;0;2;1
2022;      388307601;1;3883;76;1;1;1;2;1
2022;      388308801;1;3883;88;1;6;0;2;1
2022;      388404601;7;3884;46;1;8;0;2;1
2022;      388603501;3;3886;35;1;4;0;2;1
2022;      388706801;1;3887;68;1;2;0;1;1
2022;      388706801;2;3887;68;1;0;2;2;2
2022;      388803501;6;3888;35;1;8;0;2;1
2022;      388803801;1;3888;38;1;5;0;2;1
2022;      388901301;1;3889;13;1;8;0;2;1
2022;      389003301;1;3890;33;1;2;6;2;1
2022;      389003601;1;3890;36;1;8;7;2;1
2022;      389104701;1;3891;47;1;8;0;1;1
2022;      389104701;2;3891;47;1;5;0;2;2
2022;      389203301;1;3892;33;1;8;0;1;1
2022;      389203301;2;3892;33;1;8;0;2;2
2022;      389301001;1;3893;10;1;7;8;2;1
2022;      389401101;1;3894;11;1;4;9;2;1
2022;      389401201;6;3894;12;1;4;0;2;1
2022;      389401301;1;3894;13;1;8;9;1;1
2022;      389401301;2;3894;13;1;8;9;2;2
2022;      389401401;1;3894;14;1;5;0;2;1
2022;      389405101;1;3894;51;1;7;0;2;1
2022;      390008701;1;3900;87;1;1;1;2;1
2022;      390100401;1;3901;4;1;1;0;1;1
2022;      390100401;2;3901;4;1;8;11;2;2
2022;      390104801;1;3901;48;1;3;0;1;1
2022;      390104801;2;3901;48;1;2;0;2;2
2022;      390114901;1;3901;149;1;1;6;1;1
2022;      390114901;2;3901;149;1;0;7;2;2
2022;      390209101;1;3902;91;1;2;0;1;1
2022;      390209101;2;3902;91;1;0;6;2;2
2022;      390212701;1;3902;127;1;8;11;2;1
2022;      390212801;1;3902;128;1;0;10;2;1
2022;      390302901;1;3903;29;1;3;4;2;1
2022;      390303101;1;3903;31;1;0;2;2;1
2022;      390406201;1;3904;62;1;8;8;1;1
2022;      390406201;2;3904;62;1;6;8;2;2
2022;      390406501;1;3904;65;1;0;2;2;1
2022;      390502901;1;3905;29;1;5;0;1;1
2022;      390502901;3;3905;29;1;4;4;1;2
2022;      390502901;4;3905;29;1;0;2;2;3
2022;      390505001;4;3905;50;1;6;7;2;1
2022;      390604201;1;3906;42;1;0;2;1;1
2022;      390604201;2;3906;42;1;8;0;2;2
2022;      390604501;1;3906;45;1;1;0;2;1
2022;      390713001;4;3907;130;1;0;2;2;1
2022;      390800101;1;3908;1;1;5;3;2;1
2022;      390809701;1;3908;97;1;5;0;2;1
2022;      390906301;1;3909;63;1;3;8;2;1
2022;      391101101;1;3911;11;1;8;0;2;1
2022;      391104201;2;3911;42;1;3;0;2;1
2022;      391106201;1;3911;62;1;0;3;2;1
2022;      391205401;6;3912;54;1;2;2;2;1
2022;      391907001;5;3919;70;1;0;3;2;1
2022;      392803201;1;3928;32;1;8;0;2;1
2022;      394500201;2;3945;2;1;3;0;2;1
2022;      394605701;8;3946;57;1;3;8;2;1
2022;      394712701;1;3947;127;1;8;8;2;1
2022;      395000201;1;3950;2;1;8;6;1;1
2022;      395000201;2;3950;2;1;4;6;2;2
2022;      395000401;1;3950;4;1;8;6;2;1
2022;      395000501;1;3950;5;1;1;8;2;1
2022;      395003401;1;3950;34;1;1;6;2;1
2022;      395118201;6;3951;182;1;4;7;2;1
2022;      395201501;1;3952;15;1;98;98;2;1
2022;      395414601;1;3954;146;1;1;2;2;1
2022;      395604201;5;3956;42;1;3;10;2;1
2022;      395705501;1;3957;55;1;5;9;2;1
2022;      395708801;1;3957;88;1;2;9;2;1
2022;      395712601;1;3957;126;1;6;9;1;1
2022;      395712601;2;3957;126;1;8;9;2;2
2022;      395802301;2;3958;23;1;7;3;2;1
2022;      395802401;1;3958;24;1;5;0;1;1
2022;      395802401;2;3958;24;1;3;0;2;2
2022;      395808801;1;3958;88;1;2;6;1;1
2022;      395808801;2;3958;88;1;1;6;2;2
2022;      395901601;1;3959;16;1;8;11;1;1
2022;      395901601;2;3959;16;1;7;11;2;2
2022;      395902801;1;3959;28;1;8;98;2;1
2022;      395905301;1;3959;53;1;1;0;2;1
2022;      396110901;1;3961;109;1;2;0;2;1
2022;      396112901;1;3961;129;1;2;98;2;1
2022;      396215001;1;3962;150;1;6;0;1;1
2022;      396215001;2;3962;150;1;6;0;2;2
2022;      396403901;5;3964;39;1;8;8;2;1
2022;      396504201;1;3965;42;1;5;11;2;1
2022;      396805301;1;3968;53;1;6;0;2;1
2022;      397400201;1;3974;2;1;5;0;2;1
2022;      397902201;1;3979;22;1;1;0;2;1
2022;      397906601;5;3979;66;1;6;0;2;1
2022;      397910601;6;3979;106;1;4;0;2;1
2022;      398101901;1;3981;19;1;7;11;2;1
2022;      398102201;1;3981;22;1;3;0;2;1
2022;      398104601;1;3981;46;1;3;11;2;1
2022;      398105201;1;3981;52;1;4;0;2;1
2022;      398105301;1;3981;53;1;1;11;2;1
2022;      398210401;1;3982;104;1;2;0;2;1
2022;      398400801;1;3984;8;1;4;5;1;1
2022;      398400801;2;3984;8;1;2;2;2;2
2022;      398802201;1;3988;22;1;5;8;2;1
2022;      400506601;1;4005;66;1;8;7;2;1
2022;      401310501;1;4013;105;1;1;7;2;1
2022;      401912201;2;4019;122;1;0;2;2;1
2022;      402020201;2;4020;202;1;3;8;2;1
2022;      402202301;5;4022;23;1;6;11;2;1
2022;      402301701;2;4023;17;1;3;10;2;1
2022;      402302301;1;4023;23;1;0;4;1;1
2022;      402302301;2;4023;23;1;0;2;2;2
2022;      402410601;4;4024;106;1;4;6;2;1
2022;      402501201;1;4025;12;1;0;11;2;1
2022;      402501301;1;4025;13;1;7;4;2;1
2022;      402710901;1;4027;109;1;4;10;2;1
2022;      404202201;1;4042;22;1;6;3;2;1
2022;      404400401;1;4044;4;1;3;0;2;1
2022;      404503501;1;4045;35;1;8;0;2;1
2022;      404506701;6;4045;67;1;8;0;2;1
2022;      404507101;7;4045;71;1;3;0;2;1
2022;      404511801;1;4045;118;1;8;0;2;1
2022;      404607001;1;4046;70;1;4;0;2;1
2022;      404608101;1;4046;81;1;6;0;2;1
2022;      404608801;1;4046;88;1;8;98;1;1
2022;      404608801;2;4046;88;1;6;98;2;2
2022;      404611701;1;4046;117;1;0;4;2;1
2022;      404905301;2;4049;53;1;3;0;2;1
2022;      405207101;1;4052;71;1;3;0;2;1
2022;      405504201;1;4055;42;1;2;4;2;1
2022;      405806301;3;4058;63;1;6;3;1;1
2022;      405806301;4;4058;63;1;6;3;2;2
2022;      405915001;1;4059;150;1;2;0;2;1
2022;      407900101;5;4079;1;1;3;10;2;1
2022;      408401801;9;4084;18;1;1;3;2;1
2022;      408700801;7;4087;8;1;1;6;2;1
2022;      409301201;3;4093;12;1;98;98;2;1
2022;      411302901;1;4113;29;1;7;0;2;1
2022;      411605102;1;4116;51;2;3;2;2;1
2022;      412905301;6;4129;53;1;2;3;2;1
2022;      412908601;1;4129;86;1;5;7;2;1
2022;      413104901;1;4131;49;1;6;11;2;1
2022;      413214201;5;4132;142;1;3;98;2;1
2022;      414208501;1;4142;85;1;8;6;2;1
2022;      415011701;1;4150;117;1;4;6;2;1
2022;      415408901;9;4154;89;1;7;6;2;1
2022;      415600101;6;4156;1;1;3;3;2;1
2022;      415601601;5;4156;16;1;0;1;2;1
2022;      415604801;1;4156;48;1;0;3;1;1
2022;      415604801;2;4156;48;1;0;3;2;2
2022;      415700901;1;4157;9;1;5;0;2;1
2022;      415806601;1;4158;66;1;7;4;1;1
2022;      415806601;2;4158;66;1;4;4;2;2
2022;      415908401;2;4159;84;1;2;4;1;1
2022;      415908401;3;4159;84;1;0;2;2;2
2022;      416010801;1;4160;108;1;0;1;2;1
2022;      416014601;1;4160;146;1;2;7;1;1
2022;      416014601;2;4160;146;1;1;7;2;2
2022;      416020101;6;4160;201;1;1;7;2;1
2022;      417110801;1;4171;108;1;3;10;2;1
2022;      418704301;6;4187;43;1;98;98;2;1
2022;      418705401;1;4187;54;1;0;2;1;1
2022;      418705401;2;4187;54;1;0;4;2;2
2022;      418908901;1;4189;89;1;1;11;2;1
2022;      419002701;1;4190;27;1;4;6;2;1
2022;      419202701;3;4192;27;1;98;98;2;1
2022;      419507701;1;4195;77;1;5;4;2;1
2022;      419903201;1;4199;32;1;2;10;1;1
2022;      419903201;2;4199;32;1;1;10;2;2
2022;      419903501;1;4199;35;1;3;10;1;1
2022;      419903501;2;4199;35;1;5;10;2;2
2022;      419903701;1;4199;37;1;4;10;2;1
2022;      420002101;1;4200;21;1;0;2;1;1
2022;      420002101;2;4200;21;1;0;1;2;2
2022;      420002301;1;4200;23;1;1;7;2;1
2022;      420002401;1;4200;24;1;0;5;2;1
2022;      420002501;1;4200;25;1;2;6;1;1
2022;      420002501;2;4200;25;1;1;6;2;2
2022;      420003101;1;4200;31;1;2;7;2;1
2022;      420003301;1;4200;33;1;0;1;2;1
2022;      420003601;2;4200;36;1;0;1;2;1
2022;      420004201;1;4200;42;1;4;0;2;1
2022;      420102001;1;4201;20;1;0;4;2;1
2022;      420704801;1;4207;48;1;5;0;2;1
2022;      420907601;1;4209;76;1;2;0;2;1
2022;      421608101;1;4216;81;1;4;0;1;1
2022;      421608101;2;4216;81;1;5;0;2;2
2022;      421702401;1;4217;24;1;5;0;2;1
2022;      422002901;1;4220;29;1;8;11;2;1
2022;      422801601;1;4228;16;1;5;7;2;1
2022;      422802301;1;4228;23;1;8;0;1;1
2022;      422802301;2;4228;23;1;2;0;2;2
2022;      422805701;1;4228;57;1;1;0;2;1
2022;      422807101;1;4228;71;1;4;0;2;1
2022;      423101101;1;4231;11;1;2;0;2;1
2022;      423502901;1;4235;29;1;3;0;1;1
2022;      423502901;2;4235;29;1;3;0;2;2
2022;      423820401;1;4238;204;1;2;0;2;1
2022;      423900201;1;4239;2;1;4;9;1;1
2022;      423900201;2;4239;2;1;3;9;2;2
2022;      423900601;2;4239;6;1;0;6;2;1
2022;      423901701;1;4239;17;1;7;10;2;1
2022;      423901801;6;4239;18;1;3;5;2;1
2022;      423901901;1;4239;19;1;0;4;2;1
2022;      424002601;1;4240;26;1;5;0;2;1
2022;      424014801;5;4240;148;1;2;0;2;1
2022;      424015201;4;4240;152;1;8;5;1;1
2022;      424015201;5;4240;152;1;1;5;2;2
2022;      424102901;1;4241;29;1;2;8;2;1
2022;      424107601;1;4241;76;1;6;0;2;1
2022;      424905001;1;4249;50;1;2;4;2;1
2022;      425007801;1;4250;78;1;7;10;1;1
2022;      425007801;2;4250;78;1;5;10;2;2
2022;      425307101;1;4253;71;1;7;8;2;1
2022;      425403701;7;4254;37;1;0;8;2;1
2022;      425404801;2;4254;48;1;7;98;2;1
2022;      425501001;1;4255;10;1;6;98;1;1
2022;      425501001;2;4255;10;1;6;98;2;2
2022;      425608201;2;4256;82;1;0;4;2;1
2022;      425705501;2;4257;55;1;8;0;2;1
2022;      425812201;1;4258;122;1;7;6;2;1
2022;      425812601;1;4258;126;1;5;6;2;1
2022;      425902301;1;4259;23;1;7;98;1;1
2022;      425902301;2;4259;23;1;6;98;2;2
2022;      426007301;15;4260;73;1;6;7;2;1
2022;      426403901;5;4264;39;1;1;10;2;1
2022;      426503101;1;4265;31;1;3;4;2;1
2022;      426604901;1;4266;49;1;8;10;2;1
2022;      426803401;4;4268;34;1;5;6;2;1
2022;      426903801;1;4269;38;1;98;98;2;1
2022;      427200401;5;4272;4;1;3;10;2;1
2022;      427508301;1;4275;83;1;4;11;2;1
2022;      427703601;2;4277;36;1;5;8;2;1
2022;      427703801;5;4277;38;1;5;3;1;1
2022;      427703801;6;4277;38;1;2;3;2;2
2022;      427817101;2;4278;171;1;1;5;2;1
2022;      427817501;5;4278;175;1;6;6;2;1
2022;      427913001;1;4279;130;1;5;5;2;1
2022;      429304401;1;4293;44;1;3;3;1;1
2022;      429304401;2;4293;44;1;3;3;2;2
2022;      429806901;1;4298;69;1;8;2;2;1
2022;      430105701;1;4301;57;1;5;5;2;1
2022;      430200101;1;4302;1;1;3;0;2;1
2022;      430415701;5;4304;157;1;3;0;2;1
2022;      431207701;1;4312;77;1;0;4;1;1
2022;      431207701;2;4312;77;1;0;4;2;2
2022;      431902501;1;4319;25;1;4;3;2;1
2022;      432001401;1;4320;14;1;0;1;2;1
2022;      432104801;3;4321;48;1;3;10;2;1
2022;      432111601;1;4321;116;1;8;2;2;1
2022;      432301501;9;4323;15;1;6;2;2;1
2022;      432308601;1;4323;86;1;0;1;2;1
2022;      432822501;1;4328;225;1;0;9;2;1
2022;      432903001;1;4329;30;1;3;3;1;1
2022;      432903001;2;4329;30;1;3;3;2;2
2022;      433612801;4;4336;128;1;0;1;2;1
2022;      433704701;3;4337;47;1;2;5;2;1
2022;      433802301;1;4338;23;1;4;0;2;1
2022;      433902601;1;4339;26;1;0;8;2;1
2022;      434000601;1;4340;6;1;0;2;1;1
2022;      434000601;2;4340;6;1;4;6;2;2
2022;      434009801;2;4340;98;1;2;2;2;1
