ID1;HHID;HVIDX;QHCLUSTER;QHNUMBER;QHHOME;PS94_1A;PS94_1M;PS94_1S;PS2
2022;      003704701;2;37;47;1;0;1;2;1
2022;      004905601;1;49;56;1;0;1;1;1
2022;      004905601;2;49;56;1;0;1;2;2
2022;      004905801;1;49;58;1;0;1;2;1
2022;      009802201;1;98;22;1;1;0;2;1
2022;      010903101;1;109;31;1;0;1;2;1
2022;      011301301;1;113;13;1;0;1;2;1
2022;      011302901;1;113;29;1;0;1;1;1
2022;      011302901;5;113;29;1;0;1;2;2
2022;      011303401;1;113;34;1;0;1;2;1
2022;      011303801;1;113;38;1;0;1;2;1
2022;      015301301;1;153;13;1;0;1;2;1
2022;      016202101;2;162;21;1;0;1;2;1
2022;      018301901;1;183;19;1;0;1;2;1
2022;      022100601;3;221;6;1;0;1;2;1
2022;      022206801;4;222;68;1;0;1;2;1
2022;      028104401;2;281;44;1;8;0;2;1
2022;      030606101;1;306;61;1;0;1;2;1
2022;      031308901;2;313;89;1;0;1;2;1
2022;      032401601;1;324;16;1;0;1;1;1
2022;      032401601;2;324;16;1;0;1;2;2
2022;      032803001;1;328;30;1;0;1;2;1
2022;      032807401;1;328;74;1;0;1;2;1
2022;      034704201;2;347;42;1;0;1;2;1
2022;      047408301;1;474;83;1;0;3;2;1
2022;      048002801;2;480;28;1;0;1;2;1
2022;      048005301;2;480;53;1;0;1;2;1
2022;      049901801;2;499;18;1;0;1;2;1
2022;      049902101;4;499;21;1;0;1;2;1
2022;      049902901;2;499;29;1;0;1;2;1
2022;      049904901;2;499;49;1;0;1;2;1
2022;      050203201;2;502;32;1;0;1;2;1
2022;      050203401;2;502;34;1;0;1;2;1
2022;      050402301;2;504;23;1;98;98;2;1
2022;      050708501;2;507;85;1;0;1;2;1
2022;      054904301;1;549;43;1;0;1;2;1
2022;      054904701;2;549;47;1;0;1;2;1
2022;      054904901;1;549;49;1;0;1;2;1
2022;      054909101;1;549;91;1;0;1;2;1
2022;      054909401;2;549;94;1;0;1;2;1
2022;      054909501;2;549;95;1;0;1;2;1
2022;      054909601;2;549;96;1;0;1;2;1
2022;      069301401;1;693;14;1;0;1;2;1
2022;      069708401;1;697;84;1;0;1;2;1
2022;      069711901;1;697;119;1;0;1;1;1
2022;      069711901;2;697;119;1;0;1;2;2
2022;      069712001;1;697;120;1;0;1;2;1
2022;      069712201;1;697;122;1;0;1;2;1
2022;      075704701;1;757;47;1;0;1;2;1
2022;      075706901;3;757;69;1;0;1;2;1
2022;      109409701;4;1094;97;1;0;3;2;1
2022;      110002301;5;1100;23;1;0;2;2;1
2022;      113203201;2;1132;32;1;1;1;2;1
2022;      117503301;2;1175;33;1;2;0;2;1
2022;      125113801;2;1251;138;1;0;1;2;1
2022;      127600401;1;1276;4;1;0;1;2;1
2022;      150009101;1;1500;91;1;0;1;1;1
2022;      150009101;3;1500;91;1;0;1;2;2
2022;      156613701;3;1566;137;1;0;1;2;1
2022;      156619701;2;1566;197;1;0;1;2;1
2022;      171705201;1;1717;52;1;0;1;2;1
2022;      171705401;2;1717;54;1;0;1;2;1
2022;      173200701;2;1732;7;1;0;1;2;1
2022;      173206501;1;1732;65;1;0;1;2;1
2022;      173208501;6;1732;85;1;0;1;2;1
2022;      185405101;3;1854;51;1;0;1;2;1
2022;      185410001;3;1854;100;1;0;1;2;1
2022;      185410601;1;1854;106;1;0;1;1;1
2022;      185410601;3;1854;106;1;0;1;1;2
2022;      185410601;6;1854;106;1;0;1;2;3
2022;      191301301;2;1913;13;1;1;1;2;1
2022;      191301901;6;1913;19;1;0;1;2;1
2022;      195300901;1;1953;9;1;1;0;2;1
2022;      195309101;1;1953;91;1;0;1;1;1
2022;      195309101;2;1953;91;1;0;1;2;2
2022;      195309301;1;1953;93;1;0;1;2;1
2022;      195310701;1;1953;107;1;0;1;2;1
2022;      195310901;1;1953;109;1;0;1;1;1
2022;      195310901;2;1953;109;1;0;1;2;2
2022;      211500701;2;2115;7;1;0;1;2;1
2022;      211506201;2;2115;62;1;1;1;2;1
2022;      211506401;1;2115;64;1;1;1;2;1
2022;      211506501;1;2115;65;1;0;1;2;1
2022;      211700301;2;2117;3;1;0;1;2;1
2022;      211904901;2;2119;49;1;0;1;2;1
2022;      211907601;1;2119;76;1;0;1;2;1
2022;      213104201;2;2131;42;1;0;1;2;1
2022;      217608401;4;2176;84;1;0;1;2;1
2022;      218203001;1;2182;30;1;0;1;2;1
2022;      218800401;3;2188;4;1;0;1;2;1
2022;      218810601;1;2188;106;1;0;6;2;1
2022;      230302501;2;2303;25;1;0;1;2;1
2022;      230307801;1;2303;78;1;0;1;2;1
2022;      230310401;1;2303;104;1;0;1;1;1
2022;      230310401;2;2303;104;1;0;1;2;2
2022;      231711501;2;2317;115;1;0;1;2;1
2022;      236604001;1;2366;40;1;0;1;1;1
2022;      236604001;2;2366;40;1;0;1;2;2
2022;      236606401;1;2366;64;1;0;1;1;1
2022;      236606401;2;2366;64;1;0;1;2;2
2022;      236607001;1;2366;70;1;0;1;2;1
2022;      236607501;1;2366;75;1;0;1;2;1
2022;      270203501;1;2702;35;1;0;1;2;1
2022;      284003001;4;2840;30;1;0;1;2;1
2022;      286701301;1;2867;13;1;0;1;2;1
2022;      304708401;1;3047;84;1;0;1;2;1
2022;      306700101;1;3067;1;1;0;1;2;1
2022;      306704201;2;3067;42;1;0;1;2;1
2022;      324502701;7;3245;27;1;0;1;2;1
2022;      326900601;1;3269;6;1;0;1;1;1
2022;      326900601;2;3269;6;1;0;1;2;2
2022;      326902301;1;3269;23;1;0;2;2;1
2022;      326903301;2;3269;33;1;1;2;2;1
2022;      326904901;2;3269;49;1;1;2;2;1
2022;      327002601;2;3270;26;1;0;1;2;1
2022;      327003701;2;3270;37;1;0;1;2;1
2022;      327104401;1;3271;44;1;0;1;2;1
2022;      327105001;1;3271;50;1;0;1;2;1
2022;      330200701;1;3302;7;1;0;1;2;1
2022;      330202201;2;3302;22;1;0;1;2;1
2022;      330203401;1;3302;34;1;0;1;2;1
2022;      330204301;1;3302;43;1;0;1;2;1
2022;      330209301;2;3302;93;1;0;1;2;1
2022;      330211601;2;3302;116;1;0;1;2;1
2022;      330212001;2;3302;120;1;0;1;2;1
2022;      335207301;1;3352;73;1;0;2;2;1
2022;      335207401;1;3352;74;1;0;2;1;1
2022;      335207401;2;3352;74;1;0;2;2;2
2022;      335207501;5;3352;75;1;0;2;2;1
2022;      335207601;1;3352;76;1;0;2;1;1
2022;      335207601;2;3352;76;1;0;2;2;2
2022;      335208601;1;3352;86;1;0;1;1;1
2022;      335208601;2;3352;86;1;0;1;2;2
2022;      335300401;1;3353;4;1;0;1;2;1
2022;      335301201;2;3353;12;1;0;1;2;1
2022;      335301901;2;3353;19;1;0;1;2;1
2022;      335304101;3;3353;41;1;0;1;2;1
2022;      335304701;2;3353;47;1;0;1;2;1
2022;      336705501;2;3367;55;1;0;5;2;1
2022;      336705801;1;3367;58;1;0;3;2;1
2022;      336705901;1;3367;59;1;0;4;1;1
2022;      336705901;2;3367;59;1;0;4;2;2
2022;      336706601;2;3367;66;1;0;5;2;1
2022;      340605001;3;3406;50;1;0;1;2;1
2022;      344705801;1;3447;58;1;0;3;2;1
2022;      348203501;1;3482;35;1;0;1;2;1
2022;      350703601;1;3507;36;1;0;2;2;1
2022;      352200601;2;3522;6;1;0;1;2;1
2022;      352502001;2;3525;20;1;0;1;2;1
2022;      360212301;1;3602;123;1;0;1;2;1
2022;      360403101;2;3604;31;1;0;1;2;1
2022;      360406601;1;3604;66;1;8;0;2;1
2022;      360408001;1;3604;80;1;0;1;2;1
2022;      361508101;1;3615;81;1;2;1;2;1
2022;      362012301;1;3620;123;1;0;1;2;1
2022;      362103501;2;3621;35;1;1;0;2;1
2022;      366606001;2;3666;60;1;2;0;2;1
2022;      373910701;2;3739;107;1;0;2;2;1
2022;      383305001;2;3833;50;1;0;1;2;1
2022;      383305301;1;3833;53;1;0;1;2;1
2022;      389003301;3;3890;33;1;0;1;2;1
2022;      395504201;1;3955;42;1;0;1;2;1
2022;      395712401;1;3957;124;1;0;1;2;1
2022;      395712501;1;3957;125;1;0;1;2;1
2022;      395800401;2;3958;4;1;0;8;2;1
2022;      402012301;1;4020;123;1;2;1;2;1
2022;      417702801;2;4177;28;1;0;1;2;1
2022;      417708001;1;4177;80;1;0;1;2;1
2022;      417708301;2;4177;83;1;98;0;2;1
2022;      420100201;2;4201;2;1;0;1;2;1
2022;      420104601;2;4201;46;1;1;1;2;1
2022;      421700401;2;4217;4;1;0;4;2;1
