ID1,QHCLUSTER,QHNUMBER,QHHOME,PS104_1A,PS104_1M,PS104_1S,PS5,HVIDX,HHID
2023,7,68,1,2,3,2,1,1,      000706801
2023,8,159,1,2,4,2,1,2,      000815901
2023,23,59,1,0,6,2,1,2,      002305901
2023,34,100,1,0,1,2,1,2,      003410001
2023,38,1,1,1,1,1,1,1,      003800101
2023,38,1,1,1,1,1,2,2,      003800101
2023,38,1,1,1,1,1,3,3,      003800101
2023,38,1,1,1,1,1,4,4,      003800101
2023,38,1,1,1,1,2,5,5,      003800101
2023,38,5,1,98,98,2,1,1,      003800501
2023,38,11,1,1,0,1,1,1,      003801101
2023,38,11,1,1,0,1,2,2,      003801101
2023,38,11,1,1,0,2,3,3,      003801101
2023,38,120,1,2,0,1,1,1,      003812001
2023,38,120,1,2,0,1,2,2,      003812001
2023,38,120,1,2,0,2,3,3,      003812001
2023,38,125,1,10,0,1,1,2,      003812501
2023,38,125,1,10,0,1,2,3,      003812501
2023,38,125,1,7,0,2,3,4,      003812501
2023,42,111,1,7,2,2,1,1,      004211101
2023,45,47,1,10,0,2,1,2,      004504701
2023,45,50,1,19,0,2,1,2,      004505001
2023,53,15,1,1,0,2,1,2,      005301501
2023,53,17,1,2,0,2,1,2,      005301701
2023,53,62,1,3,0,2,1,2,      005306201
2023,53,63,1,3,0,2,1,2,      005306301
2023,100,74,1,2,0,2,1,2,      010007401
2023,100,82,1,1,0,2,1,2,      010008201
2023,103,89,1,2,0,2,1,2,      010308901
2023,143,10,1,2,6,2,1,2,      014301001
2023,143,87,1,0,5,2,1,2,      014308701
2023,146,98,1,1,0,2,1,2,      014609801
2023,146,100,1,1,0,2,1,2,      014610001
2023,146,109,1,2,0,2,1,2,      014610901
2023,146,115,1,4,0,1,1,4,      014611501
2023,146,115,1,4,0,2,2,5,      014611501
2023,147,52,1,2,0,2,1,2,      014705201
2023,147,66,1,5,0,2,1,2,      014706601
2023,147,75,1,10,0,2,1,2,      014707501
2023,147,76,1,1,0,2,1,2,      014707601
2023,147,79,1,0,1,2,1,1,      014707901
2023,152,8,1,6,0,2,1,1,      015200801
2023,152,9,1,14,0,2,1,2,      015200901
2023,152,20,1,19,0,2,1,1,      015202001
2023,152,22,1,19,0,2,1,1,      015202201
2023,152,24,1,8,0,2,1,2,      015202401
2023,152,59,1,1,0,2,1,1,      015205901
2023,152,61,1,0,2,2,1,2,      015206101
2023,152,63,1,1,0,2,1,2,      015206301
2023,157,39,1,3,0,2,1,2,      015703901
2023,157,40,1,5,0,2,1,2,      015704001
2023,157,42,1,5,0,2,1,2,      015704201
2023,157,61,1,0,6,2,1,1,      015706101
2023,157,123,1,0,2,2,1,2,      015712301
2023,167,38,1,8,6,2,1,2,      016703801
2023,167,43,1,6,3,2,1,2,      016704301
2023,167,108,1,1,0,2,1,2,      016710801
2023,215,10,1,0,8,2,1,1,      021501001
2023,226,44,1,10,0,2,1,1,      022604401
2023,226,75,1,10,2,2,1,1,      022607501
2023,244,26,1,0,2,2,1,2,      024402601
2023,245,80,1,1,0,2,1,2,      024508001
2023,258,58,1,0,11,2,1,2,      025805801
2023,269,64,1,0,1,2,1,1,      026906401
2023,273,82,1,0,4,2,1,4,      027308201
2023,273,85,1,1,98,2,1,2,      027308501
2023,281,21,1,2,0,2,1,2,      028102101
2023,294,66,1,2,0,2,1,2,      029406601
2023,294,71,1,0,1,2,1,2,      029407101
2023,294,111,1,19,0,2,1,2,      029411101
2023,317,88,1,0,2,2,1,2,      031708801
2023,318,105,1,1,0,2,1,1,      031810501
2023,324,116,1,10,3,2,1,2,      032411601
2023,335,17,1,2,0,2,1,1,      033501701
2023,335,20,1,10,4,2,1,1,      033502001
2023,335,26,1,5,2,2,1,1,      033502601
2023,335,27,1,0,4,2,1,2,      033502701
2023,335,28,1,0,8,2,1,2,      033502801
2023,335,29,1,1,1,2,1,2,      033502901
2023,335,32,1,2,0,2,1,2,      033503201
2023,335,83,1,0,3,2,1,1,      033508301
2023,336,34,1,1,1,2,1,2,      033603401
2023,336,37,1,1,0,2,1,1,      033603701
2023,336,38,1,0,8,2,1,2,      033603801
2023,336,109,1,0,2,2,1,2,      033610901
2023,336,112,1,6,1,1,1,2,      033611201
2023,336,112,1,6,1,1,2,4,      033611201
2023,336,112,1,6,1,2,3,5,      033611201
2023,337,52,1,2,4,2,1,2,      033705201
2023,337,60,1,15,8,2,1,2,      033706001
2023,337,61,1,5,0,2,1,2,      033706101
2023,337,79,1,1,6,2,1,2,      033707901
2023,337,84,1,12,4,2,1,2,      033708401
2023,337,85,1,10,0,2,1,2,      033708501
2023,340,120,1,19,11,2,1,1,      034012001
2023,340,123,1,2,3,1,1,1,      034012301
2023,340,123,1,1,4,2,2,4,      034012301
2023,354,81,1,1,0,1,1,7,      035408101
2023,354,81,1,1,0,1,2,8,      035408101
2023,354,81,1,1,0,1,3,9,      035408101
2023,354,81,1,0,4,2,4,10,      035408101
2023,368,70,1,0,6,1,1,1,      036807001
2023,368,70,1,0,6,1,2,2,      036807001
2023,368,70,1,0,6,2,3,3,      036807001
2023,382,54,1,2,0,1,1,1,      038205401
2023,382,54,1,2,0,1,2,3,      038205401
2023,382,54,1,2,0,2,3,7,      038205401
2023,444,186,1,19,5,2,1,2,      044418601
2023,455,74,1,0,2,2,1,3,      045507401
2023,474,91,1,1,6,2,1,2,      047409101
2023,474,137,1,4,0,2,1,1,      047413701
2023,480,13,1,98,98,2,1,1,      048001301
2023,480,38,1,1,0,2,1,2,      048003801
2023,501,7,1,19,11,2,1,2,      050100701
2023,501,9,1,19,11,2,1,2,      050100901
2023,501,13,1,19,11,2,1,2,      050101301
2023,501,14,1,7,5,2,1,1,      050101401
2023,501,28,1,13,0,2,1,2,      050102801
2023,501,139,1,15,5,2,1,2,      050113901
2023,501,140,1,10,0,2,1,2,      050114001
2023,503,67,1,0,7,2,1,2,      050306701
2023,503,68,1,0,7,2,1,2,      050306801
2023,503,70,1,8,0,2,1,2,      050307001
2023,503,72,1,8,0,2,1,2,      050307201
2023,503,73,1,15,0,2,1,2,      050307301
2023,503,80,1,3,0,2,1,1,      050308001
2023,503,81,1,18,0,2,1,1,      050308101
2023,503,83,1,15,1,2,1,1,      050308301
2023,503,117,1,10,0,2,1,2,      050311701
2023,503,118,1,10,0,2,1,1,      050311801
2023,503,120,1,19,0,2,1,1,      050312001
2023,503,121,1,19,0,2,1,1,      050312101
2023,509,1,1,2,0,2,1,2,      050900101
2023,509,6,1,1,0,2,1,2,      050900601
2023,509,19,1,19,11,2,1,2,      050901901
2023,509,87,1,19,11,2,1,2,      050908701
2023,518,33,1,2,0,2,1,2,      051803301
2023,518,66,1,15,3,2,1,2,      051806601
2023,518,72,1,4,3,2,1,2,      051807201
2023,524,26,1,0,6,2,1,5,      052402601
2023,530,82,1,1,6,2,1,2,      053008201
2023,573,15,1,0,3,2,1,2,      057301501
2023,573,17,1,1,0,2,1,2,      057301701
2023,582,39,1,5,4,2,1,1,      058203901
2023,612,117,1,4,0,1,1,1,      061211701
2023,612,117,1,4,0,1,2,3,      061211701
2023,612,117,1,4,0,1,3,4,      061211701
2023,612,117,1,4,0,1,4,5,      061211701
2023,612,117,1,4,0,1,5,6,      061211701
2023,612,117,1,0,1,2,6,7,      061211701
2023,625,98,1,19,4,1,1,1,      062509801
2023,625,98,1,5,4,1,2,2,      062509801
2023,625,98,1,11,4,1,3,3,      062509801
2023,625,98,1,9,4,1,4,4,      062509801
2023,625,98,1,1,4,2,5,5,      062509801
2023,650,32,1,1,0,2,1,1,      065003201
2023,657,62,1,3,3,2,1,1,      065706201
2023,753,117,1,0,2,2,1,2,      075311701
2023,810,13,1,7,3,2,1,1,      081001301
2023,812,207,1,0,6,1,1,5,      081220701
2023,812,207,1,0,6,2,2,6,      081220701
2023,814,88,1,0,1,2,1,2,      081408801
2023,814,90,1,1,0,2,1,1,      081409001
2023,814,91,1,10,0,2,1,2,      081409101
2023,861,118,1,2,1,2,1,2,      086111801
2023,869,61,1,10,5,2,1,2,      086906101
2023,878,70,1,0,4,2,1,1,      087807001
2023,942,62,1,0,5,2,1,1,      094206201
2023,954,105,1,19,5,2,1,2,      095410501
2023,960,87,1,10,3,2,1,1,      096008701
2023,976,39,1,2,3,2,1,2,      097603901
2023,977,90,1,1,1,1,1,1,      097709001
2023,977,90,1,1,1,1,2,2,      097709001
2023,977,90,1,1,1,1,3,3,      097709001
2023,977,90,1,1,1,2,4,4,      097709001
2023,978,37,1,0,2,1,1,2,      097803701
2023,978,37,1,0,2,2,2,3,      097803701
2023,1027,68,1,3,0,2,1,1,      102706801
2023,1209,98,1,0,3,2,1,1,      120909801
2023,1231,55,1,0,3,2,1,2,      123105501
2023,1273,37,1,0,11,2,1,1,      127303701
2023,1303,71,1,0,2,2,1,2,      130307101
2023,1308,89,1,0,4,2,1,2,      130808901
2023,1308,104,1,5,0,2,1,2,      130810401
2023,1309,107,1,0,1,2,1,2,      130910701
2023,1316,44,1,0,2,2,1,2,      131604401
2023,1323,109,1,1,2,2,1,2,      132310901
2023,1325,37,1,10,0,2,1,2,      132503701
2023,1325,38,1,12,0,2,1,2,      132503801
2023,1325,44,1,4,0,2,1,2,      132504401
2023,1325,47,1,10,0,2,1,2,      132504701
2023,1325,53,1,9,0,2,1,1,      132505301
2023,1325,72,1,8,0,2,1,2,      132507201
2023,1374,48,1,1,5,2,1,2,      137404801
2023,1403,33,1,3,5,2,1,5,      140303301
2023,1442,14,1,3,2,2,1,2,      144201401
2023,1497,127,1,6,0,2,1,2,      149712701
2023,1541,150,1,4,0,2,1,2,      154115001
2023,1557,46,1,5,5,2,1,2,      155704601
2023,1564,120,1,1,0,2,1,2,      156412001
2023,1564,122,1,7,1,2,1,2,      156412201
2023,1564,123,1,4,0,2,1,2,      156412301
2023,1566,140,1,2,0,2,1,2,      156614001
2023,1566,167,1,0,6,2,1,2,      156616701
2023,1566,172,1,19,1,2,1,2,      156617201
2023,1634,28,1,1,6,2,1,1,      163402801
2023,1634,108,1,0,8,2,1,2,      163410801
2023,1639,98,1,2,9,2,1,2,      163909801
2023,1639,103,1,5,7,2,1,2,      163910301
2023,1647,61,1,1,10,2,1,1,      164706101
2023,1728,39,1,1,6,2,1,2,      172803901
2023,1728,40,1,10,0,2,1,2,      172804001
2023,1728,54,1,3,0,2,1,1,      172805401
2023,1728,77,1,0,5,1,1,1,      172807701
2023,1728,77,1,0,5,1,2,2,      172807701
2023,1728,77,1,0,5,2,3,3,      172807701
2023,1756,13,1,0,7,2,1,2,      175601301
2023,1761,10,1,2,0,2,1,1,      176101001
2023,1761,19,1,0,5,2,1,2,      176101901
2023,1761,37,1,1,0,2,1,2,      176103701
2023,1763,84,1,0,3,2,1,2,      176308401
2023,1772,6,1,1,0,2,1,2,      177200601
2023,1772,9,1,19,11,2,1,2,      177200901
2023,1772,10,1,4,10,2,1,1,      177201001
2023,1772,11,1,19,0,2,1,2,      177201101
2023,1779,16,1,1,3,2,1,2,      177901601
2023,1784,49,1,15,0,2,1,2,      178404901
2023,1785,12,1,1,8,2,1,2,      178501201
2023,1809,6,1,2,7,2,1,1,      180900601
2023,1809,81,1,1,5,2,1,2,      180908101
2023,1809,92,1,2,0,2,1,1,      180909201
2023,1860,14,1,3,10,2,1,2,      186001401
2023,1880,57,1,1,6,2,1,6,      188005701
2023,1894,44,1,4,6,2,1,3,      189404401
2023,1894,54,1,2,6,2,1,1,      189405401
2023,1894,66,1,0,1,2,1,1,      189406601
2023,1899,55,1,10,7,2,1,1,      189905501
2023,1899,82,1,3,7,2,1,2,      189908201
2023,1899,84,1,10,7,2,1,1,      189908401
2023,1902,21,1,0,6,2,1,1,      190202101
2023,1902,35,1,0,1,2,1,2,      190203501
2023,1902,38,1,1,6,2,1,2,      190203801
2023,1902,80,1,2,10,2,1,3,      190208001
2023,1902,81,1,0,2,2,1,2,      190208101
2023,1904,29,1,1,10,2,1,2,      190402901
2023,1904,30,1,1,4,2,1,2,      190403001
2023,1904,32,1,1,10,2,1,2,      190403201
2023,1904,33,1,98,98,2,1,1,      190403301
2023,1905,4,1,5,8,2,1,1,      190500401
2023,1908,38,1,3,0,2,1,2,      190803801
2023,1908,70,1,4,10,2,1,2,      190807001
2023,1917,44,1,19,5,2,1,1,      191704401
2023,1930,36,1,4,0,2,1,2,      193003601
2023,1943,75,1,5,2,2,1,2,      194307501
2023,1950,78,1,12,0,2,1,2,      195007801
2023,1962,109,1,6,0,2,1,2,      196210901
2023,1964,48,1,2,0,1,1,1,      196404801
2023,1964,48,1,2,0,2,2,2,      196404801
2023,1965,1,1,1,5,2,1,2,      196500101
2023,1965,3,1,6,7,2,1,2,      196500301
2023,1965,26,1,2,0,2,1,2,      196502601
2023,1965,157,1,15,4,2,1,1,      196515701
2023,1968,21,1,10,0,2,1,2,      196802101
2023,1968,23,1,9,9,2,1,2,      196802301
2023,1968,25,1,0,2,2,1,2,      196802501
2023,1968,51,1,4,2,2,1,1,      196805101
2023,1968,53,1,8,0,2,1,2,      196805301
2023,1968,104,1,1,0,2,1,2,      196810401
2023,1968,106,1,6,11,2,1,2,      196810601
2023,1975,39,1,15,5,1,1,1,      197503901
2023,1975,39,1,15,5,1,2,2,      197503901
2023,1975,39,1,15,5,1,3,3,      197503901
2023,1975,39,1,15,5,1,4,4,      197503901
2023,1975,39,1,5,5,1,5,5,      197503901
2023,1975,39,1,15,5,1,6,6,      197503901
2023,1975,39,1,8,5,1,7,7,      197503901
2023,1975,39,1,7,5,1,8,8,      197503901
2023,1975,39,1,4,5,2,9,9,      197503901
2023,2016,54,1,0,5,2,1,1,      201605401
2023,2056,14,1,19,9,2,1,1,      205601401
2023,2056,28,1,5,9,2,1,2,      205602801
2023,2060,18,1,9,7,2,1,2,      206001801
2023,2078,12,1,4,7,2,1,2,      207801201
2023,2078,14,1,4,6,2,1,1,      207801401
2023,2078,73,1,1,7,2,1,1,      207807301
2023,2085,24,1,1,10,2,1,2,      208502401
2023,2085,59,1,0,10,2,1,1,      208505901
2023,2085,70,1,0,11,2,1,1,      208507001
2023,2105,61,1,5,0,2,1,2,      210506101
2023,2107,46,1,8,0,2,1,2,      210704601
2023,2107,106,1,5,0,2,1,2,      210710601
2023,2107,108,1,6,0,2,1,2,      210710801
2023,2107,110,1,1,0,2,1,2,      210711001
2023,2109,169,1,18,0,2,1,2,      210916901
2023,2109,171,1,2,0,2,1,2,      210917101
2023,2109,172,1,19,10,2,1,1,      210917201
2023,2109,173,1,15,0,2,1,1,      210917301
2023,2110,1,1,16,8,2,1,2,      211000101
2023,2110,2,1,12,0,2,1,2,      211000201
2023,2110,4,1,1,0,2,1,1,      211000401
2023,2110,5,1,6,8,2,1,2,      211000501
2023,2110,46,1,19,11,2,1,1,      211004601
2023,2110,47,1,8,8,2,1,1,      211004701
2023,2110,48,1,19,11,2,1,1,      211004801
2023,2110,49,1,13,7,2,1,1,      211004901
2023,2110,54,1,98,98,2,1,2,      211005401
2023,2110,57,1,1,8,2,1,2,      211005701
2023,2110,59,1,19,11,2,1,2,      211005901
2023,2110,60,1,17,8,2,1,1,      211006001
2023,2111,39,1,1,7,2,1,2,      211103901
2023,2116,22,1,4,6,2,1,2,      211602201
2023,2118,26,1,2,0,2,1,2,      211802601
2023,2118,28,1,1,0,2,1,1,      211802801
2023,2118,90,1,4,0,2,1,2,      211809001
2023,2118,91,1,10,0,2,1,2,      211809101
2023,2119,57,1,4,6,2,1,1,      211905701
2023,2119,82,1,10,6,2,1,1,      211908201
2023,2119,83,1,5,6,2,1,2,      211908301
2023,2119,84,1,9,0,2,1,2,      211908401
2023,2119,103,1,19,6,2,1,1,      211910301
2023,2119,104,1,1,0,2,1,2,      211910401
2023,2119,106,1,2,6,2,1,2,      211910601
2023,2162,9,1,0,1,1,1,1,      216200901
2023,2162,9,1,0,1,2,2,5,      216200901
2023,2168,85,1,5,7,2,1,1,      216808501
2023,2174,46,1,0,3,2,1,2,      217404601
2023,2174,160,1,0,6,2,1,2,      217416001
2023,2194,58,1,0,6,2,1,2,      219405801
2023,2196,5,1,2,0,1,1,1,      219600501
2023,2196,5,1,2,0,2,2,2,      219600501
2023,2216,95,1,2,6,2,1,2,      221609501
2023,2257,12,1,0,2,2,1,2,      225701201
2023,2303,56,1,0,5,2,1,1,      230305601
2023,2303,69,1,5,7,2,1,1,      230306901
2023,2330,72,1,0,6,2,1,2,      233007201
2023,2361,113,1,1,0,1,1,1,      236111301
2023,2361,113,1,0,4,2,2,4,      236111301
2023,2365,17,1,1,5,2,1,2,      236501701
2023,2373,10,1,2,0,2,1,2,      237301001
2023,2375,29,1,10,0,2,1,2,      237502901
2023,2375,36,1,8,0,2,1,2,      237503601
2023,2406,15,1,0,1,1,1,1,      240601501
2023,2406,15,1,0,1,2,2,2,      240601501
2023,2433,69,1,19,0,1,1,1,      243306901
2023,2433,69,1,19,0,1,2,2,      243306901
2023,2433,69,1,14,0,2,3,3,      243306901
2023,2433,72,1,10,0,2,1,2,      243307201
2023,2433,78,1,8,0,2,1,2,      243307801
2023,2433,81,1,1,0,2,1,2,      243308101
2023,2435,132,1,0,11,2,1,2,      243513201
2023,2437,32,1,0,1,2,1,2,      243703201
2023,2437,34,1,0,1,2,1,2,      243703401
2023,2437,36,1,0,1,1,1,1,      243703601
2023,2437,36,1,0,1,2,2,2,      243703601
2023,2437,100,1,0,1,2,1,2,      243710001
2023,2437,103,1,0,1,2,1,2,      243710301
2023,2437,104,1,0,1,2,1,1,      243710401
2023,2437,107,1,0,2,2,1,2,      243710701
2023,2437,128,1,2,0,1,1,2,      243712801
2023,2437,128,1,2,0,1,2,3,      243712801
2023,2437,128,1,2,0,2,3,4,      243712801
2023,2437,129,1,4,8,1,1,3,      243712901
2023,2437,129,1,1,6,1,2,4,      243712901
2023,2437,129,1,5,9,2,3,6,      243712901
2023,2457,57,1,0,4,1,1,2,      245705701
2023,2457,57,1,0,4,2,2,3,      245705701
2023,2457,67,1,2,6,2,1,2,      245706701
2023,2457,105,1,2,0,1,1,1,      245710501
2023,2457,105,1,2,0,1,2,2,      245710501
2023,2457,105,1,2,0,1,3,3,      245710501
2023,2457,105,1,2,0,1,4,4,      245710501
2023,2457,105,1,1,6,2,5,5,      245710501
2023,2485,27,1,19,11,2,1,1,      248502701
2023,2524,32,2,0,10,1,1,1,      252403202
2023,2524,32,2,0,10,2,2,2,      252403202
2023,2529,29,1,4,9,2,1,1,      252902901
2023,2540,48,1,6,6,2,1,2,      254004801
2023,2608,137,1,1,8,2,1,1,      260813701
2023,2616,57,1,4,6,2,1,1,      261605701
2023,2639,46,1,18,10,2,1,3,      263904601
2023,2658,6,1,10,6,2,1,2,      265800601
2023,2658,48,1,0,6,2,1,2,      265804801
2023,2663,2,1,0,11,2,1,2,      266300201
2023,2663,11,1,1,11,2,1,2,      266301101
2023,2663,50,1,0,6,2,1,2,      266305001
2023,2663,61,1,18,11,2,1,1,      266306101
2023,2663,64,1,0,11,1,1,2,      266306401
2023,2663,64,1,0,11,1,2,4,      266306401
2023,2663,64,1,0,11,2,3,5,      266306401
2023,2669,121,3,3,0,2,1,1,      266912103
2023,2773,8,1,1,0,2,1,1,      277300801
2023,2807,57,1,0,7,2,1,1,      280705701
2023,2852,90,1,3,3,2,1,2,      285209001
2023,2866,15,1,0,6,2,1,2,      286601501
2023,2866,39,1,0,11,2,1,1,      286603901
2023,2920,115,1,1,8,2,1,1,      292011501
2023,2925,87,1,0,1,2,1,1,      292508701
2023,2933,3,1,3,0,2,1,1,      293300301
2023,2934,119,1,17,0,2,1,2,      293411901
2023,2944,8,1,15,0,2,1,2,      294400801
2023,2944,21,1,6,0,2,1,2,      294402101
2023,2944,29,1,7,0,2,1,2,      294402901
2023,2944,35,1,19,0,2,1,2,      294403501
2023,2944,41,1,0,2,1,1,1,      294404101
2023,2944,41,1,0,2,2,2,2,      294404101
2023,2944,49,1,2,6,2,1,1,      294404901
2023,2945,14,1,19,0,2,1,2,      294501401
2023,2945,55,1,10,98,1,1,2,      294505501
2023,2945,55,1,2,98,2,2,5,      294505501
2023,2945,62,1,0,5,2,1,2,      294506201
2023,3095,78,1,5,9,2,1,3,      309507801
2023,3105,34,1,9,10,2,1,1,      310503401
2023,3131,9,1,4,4,2,1,2,      313100901
2023,3131,38,1,2,6,2,1,2,      313103801
2023,3144,9,1,1,0,2,1,2,      314400901
2023,3152,137,1,1,0,1,1,2,      315213701
2023,3152,137,1,1,0,1,2,3,      315213701
2023,3152,137,1,1,0,2,3,4,      315213701
2023,3163,29,1,2,4,2,1,1,      316302901
2023,3163,60,1,2,0,2,1,1,      316306001
2023,3163,72,1,1,6,2,1,1,      316307201
2023,3174,91,1,1,5,1,1,1,      317409101
2023,3174,91,1,0,5,2,2,5,      317409101
2023,3175,10,1,1,8,2,1,2,      317501001
2023,3175,12,1,3,8,2,1,2,      317501201
2023,3190,26,1,2,1,2,1,2,      319002601
2023,3190,84,1,14,8,2,1,2,      319008401
2023,3190,86,1,12,0,2,1,2,      319008601
2023,3190,89,1,0,1,2,1,2,      319008901
2023,3190,91,1,5,0,2,1,2,      319009101
2023,3192,16,1,5,4,2,1,2,      319201601
2023,3192,18,1,18,0,2,1,2,      319201801
2023,3192,21,1,0,2,2,1,2,      319202101
2023,3259,99,1,4,4,2,1,2,      325909901
2023,3267,63,1,0,2,2,1,2,      326706301
2023,3270,27,1,19,1,2,1,1,      327002701
2023,3272,73,1,1,0,2,1,1,      327207301
2023,3272,116,1,19,0,2,1,1,      327211601
2023,3286,61,1,1,0,2,1,2,      328606101
2023,3287,93,1,1,2,2,1,1,      328709301
2023,3287,97,1,18,0,2,1,2,      328709701
2023,3287,123,1,0,2,2,1,1,      328712301
2023,3291,19,1,3,4,2,1,2,      329101901
2023,3292,47,1,0,2,2,1,1,      329204701
2023,3294,36,1,2,0,2,1,1,      329403601
2023,3299,26,1,10,0,2,1,2,      329902601
2023,3300,69,1,6,0,1,1,3,      330006901
2023,3300,69,1,4,0,2,2,4,      330006901
2023,3300,80,1,2,0,2,1,2,      330008001
2023,3301,17,1,0,1,2,1,1,      330101701
2023,3301,18,1,0,2,2,1,2,      330101801
2023,3302,25,1,2,6,2,1,2,      330202501
2023,3302,59,1,2,5,2,1,2,      330205901
2023,3302,98,1,0,5,2,1,2,      330209801
2023,3303,136,1,3,0,2,1,1,      330313601
2023,3304,17,1,6,0,2,1,2,      330401701
2023,3304,20,1,11,0,2,1,1,      330402001
2023,3305,133,1,1,2,1,1,2,      330513301
2023,3305,133,1,1,2,2,2,3,      330513301
2023,3306,21,1,4,0,2,1,2,      330602101
2023,3306,22,1,2,0,2,1,2,      330602201
2023,3306,26,1,10,0,2,1,2,      330602601
2023,3306,27,1,3,0,2,1,1,      330602701
2023,3306,43,1,5,0,2,1,1,      330604301
2023,3306,46,1,10,0,2,1,1,      330604601
2023,3306,47,1,18,0,2,1,2,      330604701
2023,3308,16,1,2,3,2,1,2,      330801601
2023,3308,28,1,2,0,2,1,2,      330802801
2023,3308,54,1,1,0,2,1,1,      330805401
2023,3309,83,1,1,0,2,1,3,      330908301
2023,3326,99,1,5,1,1,1,1,      332609901
2023,3326,99,1,5,1,1,2,2,      332609901
2023,3326,99,1,5,1,2,3,3,      332609901
2023,3337,63,1,10,0,2,1,2,      333706301
2023,3343,50,1,2,0,2,1,3,      334305001
2023,3343,54,1,1,0,2,1,1,      334305401
2023,3343,60,1,1,0,2,1,2,      334306001
2023,3345,27,1,10,0,2,1,2,      334502701
2023,3345,37,1,3,0,2,1,2,      334503701
2023,3345,44,1,2,0,2,1,2,      334504401
2023,3345,45,1,2,0,2,1,1,      334504501
2023,3345,46,1,5,0,2,1,2,      334504601
2023,3345,81,1,15,0,2,1,1,      334508101
2023,3345,94,1,11,0,2,1,2,      334509401
2023,3345,99,1,5,0,2,1,2,      334509901
2023,3347,110,1,5,0,2,1,2,      334711001
2023,3347,113,1,18,0,2,1,2,      334711301
2023,3349,40,1,4,0,2,1,1,      334904001
2023,3351,46,1,1,0,2,1,1,      335104601
2023,3352,20,1,8,0,2,1,2,      335202001
2023,3352,22,1,0,6,2,1,2,      335202201
2023,3352,66,1,0,4,2,1,2,      335206601
2023,3352,73,1,10,0,2,1,1,      335207301
2023,3352,111,1,10,0,2,1,2,      335211101
2023,3355,15,1,5,1,2,1,1,      335501501
2023,3358,76,1,0,1,2,1,2,      335807601
2023,3359,49,1,0,8,2,1,2,      335904901
2023,3362,13,1,0,6,2,1,1,      336201301
2023,3362,14,1,1,11,2,1,2,      336201401
2023,3362,18,1,0,6,2,1,2,      336201801
2023,3362,22,1,0,6,2,1,1,      336202201
2023,3362,50,1,0,7,2,1,2,      336205001
2023,3372,79,1,4,4,2,1,1,      337207901
2023,3374,110,1,19,0,2,1,2,      337411001
2023,3381,108,1,13,0,1,1,1,      338110801
2023,3381,108,1,13,0,2,2,2,      338110801
2023,3389,69,1,5,0,1,1,1,      338906901
2023,3389,69,1,5,0,1,2,2,      338906901
2023,3389,69,1,5,0,2,3,3,      338906901
2023,3407,9,1,2,3,1,1,1,      340700901
2023,3407,9,1,1,3,2,2,2,      340700901
2023,3412,10,1,0,6,2,1,1,      341201001
2023,3418,17,1,1,6,2,1,2,      341801701
2023,3419,122,1,10,4,2,1,2,      341912201
2023,3419,123,1,5,0,2,1,2,      341912301
2023,3419,124,1,3,4,2,1,2,      341912401
2023,3420,36,1,2,0,2,1,3,      342003601
2023,3420,39,1,3,0,2,1,2,      342003901
2023,3420,41,1,3,0,2,1,2,      342004101
2023,3420,56,1,3,0,2,1,2,      342005601
2023,3420,57,1,4,0,2,1,2,      342005701
2023,3421,28,1,19,2,2,1,1,      342102801
2023,3421,77,1,10,0,2,1,1,      342107701
2023,3421,79,1,19,0,2,1,2,      342107901
2023,3422,36,1,19,0,2,1,2,      342203601
2023,3422,96,1,19,0,2,1,2,      342209601
2023,3422,97,1,1,0,2,1,1,      342209701
2023,3422,127,1,11,0,2,1,2,      342212701
2023,3422,129,1,3,1,2,1,2,      342212901
2023,3422,130,1,19,0,2,1,2,      342213001
2023,3423,27,1,5,0,2,1,2,      342302701
2023,3423,58,1,9,0,2,1,1,      342305801
2023,3423,59,1,19,11,2,1,1,      342305901
2023,3423,60,1,19,0,2,1,1,      342306001
2023,3423,61,1,98,98,2,1,1,      342306101
2023,3423,63,1,15,0,2,1,2,      342306301
2023,3423,67,1,0,7,2,1,1,      342306701
2023,3425,36,1,2,0,2,1,1,      342503601
2023,3426,30,1,3,2,2,1,2,      342603001
2023,3426,64,1,1,0,2,1,2,      342606401
2023,3427,2,1,2,0,2,1,2,      342700201
2023,3427,64,1,3,0,2,1,1,      342706401
2023,3427,65,1,0,4,2,1,3,      342706501
2023,3427,67,1,19,11,2,1,2,      342706701
2023,3430,45,1,0,5,2,1,1,      343004501
2023,3437,30,1,3,5,2,1,2,      343703001
2023,3468,20,1,3,2,2,1,1,      346802001
2023,3468,41,1,7,0,2,1,2,      346804101
2023,3468,45,1,4,0,2,1,2,      346804501
2023,3468,50,1,5,3,2,1,1,      346805001
2023,3468,51,1,11,0,1,1,1,      346805101
2023,3468,51,1,2,0,1,2,2,      346805101
2023,3468,51,1,2,0,2,3,3,      346805101
2023,3468,52,1,17,5,2,1,1,      346805201
2023,3468,53,1,2,0,1,1,1,      346805301
2023,3468,53,1,2,0,1,2,2,      346805301
2023,3468,53,1,2,0,1,3,3,      346805301
2023,3468,53,1,2,0,2,4,4,      346805301
2023,3468,54,1,18,5,2,1,1,      346805401
2023,3485,16,1,0,1,2,1,1,      348501601
2023,3503,82,1,2,0,2,1,2,      350308201
2023,3506,58,1,5,0,1,1,1,      350605801
2023,3506,58,1,5,0,1,2,2,      350605801
2023,3506,58,1,5,0,2,3,4,      350605801
2023,3508,78,1,5,3,2,1,2,      350807801
2023,3509,58,1,18,0,2,1,1,      350905801
2023,3518,66,1,3,0,2,1,1,      351806601
2023,3532,124,1,4,2,2,1,2,      353212401
2023,3532,126,1,1,0,2,1,3,      353212601
2023,3535,47,1,0,3,1,1,1,      353504701
2023,3535,47,1,0,3,2,2,3,      353504701
2023,3537,184,1,19,4,1,1,1,      353718401
2023,3537,184,1,3,4,1,2,2,      353718401
2023,3537,184,1,1,4,2,3,3,      353718401
2023,3537,200,1,4,4,2,1,2,      353720001
2023,3549,36,1,5,3,2,1,1,      354903601
2023,3550,61,1,0,6,2,1,2,      355006101
2023,3573,2,1,1,3,2,1,1,      357300201
2023,3581,10,1,1,3,2,1,2,      358101001
2023,3581,40,1,2,3,2,1,2,      358104001
2023,3581,47,1,0,2,2,1,1,      358104701
2023,3596,62,1,1,1,2,1,1,      359606201
2023,3600,36,1,2,0,2,1,2,      360003601
2023,3600,75,1,1,2,2,1,2,      360007501
2023,3601,216,1,2,0,2,1,2,      360121601
2023,3602,40,1,0,9,2,1,2,      360204001
2023,3650,82,1,2,8,2,1,2,      365008201
2023,3658,29,1,2,6,2,1,2,      365802901
2023,3659,63,1,4,4,2,1,1,      365906301
2023,3659,74,1,0,1,2,1,2,      365907401
2023,3662,76,1,3,4,2,1,2,      366207601
2023,3663,67,1,2,3,2,1,2,      366306701
2023,3663,68,1,1,4,2,1,2,      366306801
2023,3664,29,1,1,0,2,1,1,      366402901
2023,3664,45,1,5,0,2,1,2,      366404501
2023,3664,47,1,4,6,2,1,2,      366404701
2023,3667,10,1,2,0,2,1,1,      366701001
2023,3674,60,1,3,5,2,1,2,      367406001
2023,3675,28,1,0,4,2,1,1,      367502801
2023,3675,54,1,2,4,2,1,2,      367505401
2023,3681,32,1,0,6,2,1,1,      368103201
2023,3681,38,1,5,5,2,1,1,      368103801
2023,3681,39,1,4,0,2,1,2,      368103901
2023,3681,65,1,6,2,2,1,2,      368106501
2023,3684,70,1,2,0,2,1,2,      368407001
2023,3684,72,1,2,6,2,1,2,      368407201
2023,3684,73,1,0,2,2,1,2,      368407301
2023,3684,74,1,4,0,2,1,2,      368407401
2023,3687,30,1,6,5,1,1,1,      368703001
2023,3687,30,1,6,5,1,2,2,      368703001
2023,3687,30,1,6,5,1,3,3,      368703001
2023,3687,30,1,6,5,1,4,4,      368703001
2023,3687,30,1,6,5,1,5,5,      368703001
2023,3687,30,1,1,6,2,6,6,      368703001
2023,3697,88,1,3,2,2,1,1,      369708801
2023,3698,109,1,2,0,2,1,2,      369810901
2023,3701,58,1,2,0,2,1,1,      370105801
2023,3741,127,1,2,0,2,1,3,      374112701
2023,3741,135,1,2,1,2,1,2,      374113501
2023,3756,15,1,0,5,2,1,3,      375601501
2023,3770,62,1,6,4,1,1,2,      377006201
2023,3770,62,1,0,3,2,2,8,      377006201
2023,3770,70,1,10,4,2,1,2,      377007001
2023,3773,136,1,3,1,2,1,1,      377313601
2023,3777,83,1,15,0,2,1,2,      377708301
2023,3779,5,1,3,0,2,1,1,      377900501
2023,3779,7,1,8,0,2,1,2,      377900701
2023,3781,102,1,19,5,2,1,1,      378110201
2023,3783,4,1,2,4,1,1,1,      378300401
2023,3783,4,1,2,4,1,2,2,      378300401
2023,3783,4,1,2,4,1,3,3,      378300401
2023,3783,4,1,2,4,1,4,4,      378300401
2023,3783,4,1,2,4,2,5,5,      378300401
2023,3799,47,1,4,8,2,1,1,      379904701
2023,3806,64,1,18,11,2,1,2,      380606401
2023,3808,133,1,0,1,1,1,2,      380813301
2023,3808,133,1,0,1,2,2,5,      380813301
2023,3813,27,1,4,9,2,1,1,      381302701
2023,3813,28,1,2,9,2,1,2,      381302801
2023,3814,85,1,8,6,2,1,2,      381408501
2023,3814,87,1,0,3,2,1,2,      381408701
2023,3827,104,1,2,10,2,1,1,      382710401
2023,3839,100,1,0,7,2,1,2,      383910001
2023,3846,17,1,1,9,2,1,1,      384601701
2023,3846,18,1,0,9,2,1,2,      384601801
2023,3846,69,1,16,0,2,1,2,      384606901
2023,3846,70,1,1,0,2,1,2,      384607001
2023,3846,71,1,0,1,2,1,2,      384607101
2023,3846,125,1,1,0,2,1,2,      384612501
2023,3846,127,1,4,0,2,1,2,      384612701
2023,3846,128,1,0,10,2,1,2,      384612801
2023,3847,57,1,2,8,2,1,2,      384705701
2023,3848,30,1,0,1,2,1,2,      384803001
2023,3849,2,1,19,8,2,1,2,      384900201
2023,3849,31,1,15,6,2,1,1,      384903101
2023,3849,37,1,2,9,2,1,1,      384903701
2023,3852,91,1,0,3,2,1,1,      385209101
2023,3866,56,1,1,0,2,1,3,      386605601
2023,3868,56,1,2,10,2,1,2,      386805601
2023,3868,75,1,0,6,1,1,4,      386807501
2023,3868,75,1,0,6,2,2,5,      386807501
2023,3871,23,1,0,4,2,1,1,      387102301
2023,3877,55,1,0,10,2,1,1,      387705501
2023,3880,74,1,3,0,2,1,2,      388007401
2023,3881,62,1,0,7,2,1,2,      388106201
2023,3882,3,1,1,0,2,1,2,      388200301
2023,3882,27,1,5,0,2,1,1,      388202701
2023,3882,34,1,1,0,2,1,2,      388203401
2023,3882,44,1,1,0,2,1,2,      388204401
2023,3882,49,1,2,0,2,1,2,      388204901
2023,3884,42,1,2,1,2,1,2,      388404201
2023,3886,47,1,0,2,2,1,1,      388604701
2023,3887,23,1,0,9,2,1,2,      388702301
2023,3887,29,1,2,0,2,1,2,      388702901
2023,3887,31,1,4,0,2,1,2,      388703101
2023,3888,22,1,0,2,1,1,2,      388802201
2023,3888,22,1,0,2,2,2,7,      388802201
2023,3890,51,1,10,6,2,1,2,      389005101
2023,3890,52,1,10,6,2,1,2,      389005201
2023,3890,53,1,10,0,2,1,1,      389005301
2023,3890,55,1,6,6,1,1,1,      389005501
2023,3890,55,1,98,98,2,2,4,      389005501
2023,3894,1,1,19,0,2,1,2,      389400101
2023,3894,4,1,0,1,2,1,4,      389400401
2023,3894,26,1,1,1,2,1,2,      389402601
2023,3894,27,1,2,0,2,1,2,      389402701
2023,3894,28,1,2,1,2,1,2,      389402801
2023,3894,29,1,0,1,2,1,2,      389402901
2023,3894,30,1,3,1,2,1,2,      389403001
2023,3894,65,1,98,1,2,1,2,      389406501
2023,3894,66,1,5,0,1,1,2,      389406601
2023,3894,66,1,1,0,2,2,3,      389406601
2023,3894,67,1,3,1,2,1,2,      389406701
2023,3902,99,1,8,0,2,1,2,      390209901
2023,3905,22,1,7,6,2,1,1,      390502201
2023,3905,23,1,3,2,2,1,2,      390502301
2023,3905,24,1,19,5,2,1,2,      390502401
2023,3905,25,1,1,0,2,1,2,      390502501
2023,3905,34,1,19,5,2,1,2,      390503401
2023,3906,11,1,6,0,2,1,2,      390601101
2023,3906,13,1,19,11,2,1,2,      390601301
2023,3906,14,1,18,9,1,1,2,      390601401
2023,3906,14,1,19,6,2,2,3,      390601401
2023,3906,138,1,4,5,2,1,1,      390613801
2023,3906,139,1,0,6,2,1,2,      390613901
2023,3906,140,1,6,6,2,1,1,      390614001
2023,3907,68,1,6,4,2,1,2,      390706801
2023,3907,69,1,19,7,2,1,1,      390706901
2023,3907,70,1,8,2,2,1,2,      390707001
2023,3910,2,1,2,0,1,1,1,      391000201
2023,3910,2,1,2,0,2,2,2,      391000201
2023,3912,86,1,0,2,2,1,1,      391208601
2023,3919,63,1,1,0,2,1,1,      391906301
2023,3920,53,1,3,1,2,1,2,      392005301
2023,3933,46,1,0,3,2,1,1,      393304601
2023,3933,100,1,2,6,2,1,2,      393310001
2023,3943,44,1,7,0,2,1,2,      394304401
2023,3944,43,1,1,6,2,1,2,      394404301
2023,3956,4,1,1,0,2,1,2,      395600401
2023,3956,6,1,1,0,2,1,2,      395600601
2023,3956,37,1,0,4,2,1,2,      395603701
2023,3959,63,1,3,6,2,1,2,      395906301
2023,3960,35,1,0,2,2,1,2,      396003501
2023,3961,3,1,19,11,2,1,2,      396100301
2023,3961,4,1,5,0,2,1,2,      396100401
2023,3961,66,1,6,0,2,1,2,      396106601
2023,3961,67,1,1,0,2,1,2,      396106701
2023,3961,68,1,4,9,2,1,2,      396106801
2023,3961,70,1,3,10,2,1,2,      396107001
2023,3961,90,1,0,9,2,1,1,      396109001
2023,3961,92,1,4,10,2,1,1,      396109201
2023,3962,9,1,4,0,1,1,2,      396200901
2023,3962,9,1,5,0,2,2,3,      396200901
2023,3962,10,1,19,11,2,1,2,      396201001
2023,3962,134,1,3,0,2,1,1,      396213401
2023,3962,136,1,7,0,2,1,2,      396213601
2023,3962,137,1,17,0,2,1,2,      396213701
2023,3962,145,1,5,0,2,1,2,      396214501
2023,3963,12,1,10,0,2,1,2,      396301201
2023,3963,31,1,1,0,2,1,2,      396303101
2023,3964,1,1,3,8,2,1,1,      396400101
2023,3964,2,1,19,11,2,1,1,      396400201
2023,3964,4,1,1,0,2,1,2,      396400401
2023,3964,5,1,19,8,2,1,2,      396400501
2023,3964,25,1,15,8,2,1,1,      396402501
2023,3964,42,1,3,8,2,1,2,      396404201
2023,3964,45,1,3,0,2,1,1,      396404501
2023,3965,49,1,1,0,2,1,2,      396504901
2023,3965,50,1,5,0,2,1,2,      396505001
2023,3965,85,1,13,0,2,1,1,      396508501
2023,3968,94,1,10,0,2,1,2,      396809401
2023,3968,95,1,2,0,2,1,2,      396809501
2023,3968,96,1,2,0,2,1,1,      396809601
2023,3968,97,1,19,11,2,1,2,      396809701
2023,3968,98,1,10,0,2,1,1,      396809801
2023,3993,56,1,5,0,2,1,1,      399305601
2023,4011,163,1,3,10,2,1,2,      401116301
2023,4025,150,1,0,1,2,1,2,      402515001
2023,4026,118,1,1,7,2,1,1,      402611801
2023,4026,119,1,0,7,2,1,1,      402611901
2023,4026,120,1,0,3,2,1,2,      402612001
2023,4026,121,1,1,7,2,1,2,      402612101
2023,4029,109,1,2,0,1,1,1,      402910901
2023,4029,109,1,2,0,2,2,2,      402910901
2023,4043,9,1,0,6,2,1,1,      404300901
2023,4043,19,1,2,0,1,1,3,      404301901
2023,4043,19,1,2,0,1,2,4,      404301901
2023,4043,19,1,2,0,1,3,5,      404301901
2023,4043,19,1,2,0,2,4,6,      404301901
2023,4043,20,1,1,0,2,1,2,      404302001
2023,4043,22,1,3,0,2,1,3,      404302201
2023,4046,43,1,8,8,2,1,2,      404604301
2023,4047,113,1,0,9,2,1,1,      404711301
2023,4084,110,1,0,11,1,1,3,      408411001
2023,4084,110,1,0,11,1,2,4,      408411001
2023,4084,110,1,0,11,2,3,5,      408411001
2023,4093,22,1,2,10,1,1,1,      409302201
2023,4093,22,1,2,10,1,2,2,      409302201
2023,4093,22,1,2,10,1,3,3,      409302201
2023,4093,22,1,2,10,1,4,4,      409302201
2023,4093,22,1,2,10,2,5,6,      409302201
2023,4093,23,1,1,10,1,1,1,      409302301
2023,4093,23,1,1,10,2,2,2,      409302301
2023,4093,34,1,1,7,2,1,5,      409303401
2023,4102,185,1,1,11,2,1,1,      410218501
2023,4114,71,1,3,11,2,1,2,      411407101
2023,4114,78,1,2,11,2,1,2,      411407801
2023,4114,86,1,4,11,2,1,2,      411408601
2023,4115,2,1,3,10,1,1,1,      411500201
2023,4115,2,1,3,10,1,2,2,      411500201
2023,4115,2,1,3,10,1,3,3,      411500201
2023,4115,2,1,3,10,1,4,4,      411500201
2023,4115,2,1,3,10,1,5,5,      411500201
2023,4115,2,1,2,10,2,6,6,      411500201
2023,4115,10,1,1,10,1,1,1,      411501001
2023,4115,10,1,1,10,1,2,2,      411501001
2023,4115,10,1,1,10,2,3,3,      411501001
2023,4115,26,1,1,9,2,1,2,      411502601
2023,4115,56,1,0,10,2,1,2,      411505601
2023,4118,89,1,1,7,2,1,2,      411808901
2023,4120,133,1,19,9,2,1,2,      412013301
2023,4123,23,1,1,6,2,1,2,      412302301
2023,4123,24,1,0,2,1,1,1,      412302401
2023,4123,24,1,0,2,1,2,2,      412302401
2023,4123,24,1,0,2,2,3,3,      412302401
2023,4160,66,1,0,6,2,1,2,      416006601
2023,4160,70,1,3,2,2,1,2,      416007001
2023,4190,82,1,14,11,2,1,2,      419008201
2023,4197,8,1,1,8,2,1,2,      419700801
2023,4197,30,1,6,8,2,1,1,      419703001
2023,4210,60,1,0,2,2,1,1,      421006001
2023,4216,25,1,3,1,2,1,1,      421602501
2023,4217,56,1,0,7,2,1,1,      421705601
2023,4218,29,1,7,4,2,1,1,      421802901
2023,4227,18,1,2,0,2,1,2,      422701801
2023,4232,62,1,1,8,2,1,2,      423206201
2023,4235,116,1,4,0,2,1,2,      423511601
2023,4235,117,1,3,0,2,1,2,      423511701
2023,4238,32,1,5,0,2,1,2,      423803201
2023,4238,99,1,6,0,2,1,2,      423809901
2023,4238,101,1,6,0,2,1,1,      423810101
2023,4238,102,1,2,0,2,1,2,      423810201
2023,4238,133,1,2,0,2,1,2,      423813301
2023,4241,52,1,2,0,2,1,2,      424105201
2023,4241,53,1,5,0,1,1,2,      424105301
2023,4241,53,1,3,0,2,2,3,      424105301
2023,4247,104,1,2,11,2,1,2,      424710401
2023,4277,83,1,0,11,1,1,4,      427708301
2023,4277,83,1,0,11,2,2,5,      427708301
2023,4302,104,1,0,2,2,1,3,      430210401
2023,4307,52,1,1,0,2,1,4,      430705201
2023,4308,48,1,0,5,2,1,1,      430804801
2023,4308,55,1,0,1,2,1,2,      430805501
2023,4313,25,1,1,4,2,1,2,      431302501
2023,4318,16,1,10,0,2,1,2,      431801601
2023,4320,61,1,19,4,2,1,1,      432006101
2023,4320,66,1,5,0,2,1,2,      432006601
2023,4320,69,1,6,2,2,1,2,      432006901
2023,4320,70,1,3,0,1,1,1,      432007001
2023,4320,70,1,3,0,1,2,2,      432007001
2023,4320,70,1,3,0,2,3,4,      432007001
2023,4320,72,1,7,0,2,1,1,      432007201
2023,4320,73,1,0,3,1,1,1,      432007301
2023,4320,73,1,0,3,2,2,2,      432007301
2023,4320,76,1,1,11,2,1,1,      432007601
2023,4340,121,1,3,6,1,1,1,      434012101
2023,4340,121,1,3,6,1,2,2,      434012101
2023,4340,121,1,3,6,1,3,3,      434012101
2023,4340,121,1,3,6,1,4,4,      434012101
2023,4340,121,1,3,6,1,5,5,      434012101
2023,4340,121,1,1,6,2,6,6,      434012101
2023,4340,125,1,10,8,1,1,2,      434012501
2023,4340,125,1,10,8,2,2,3,      434012501
2023,4346,188,1,10,2,2,1,2,      434618801
2023,4349,37,1,0,1,1,1,1,      434903701
2023,4349,37,1,0,1,2,2,2,      434903701
2023,4349,38,1,0,1,2,1,2,      434903801
2023,4354,113,1,0,2,2,1,1,      435411301
2023,4373,8,1,0,1,2,1,1,      437300801
2023,4377,39,1,0,1,2,1,1,      437703901
2023,4379,5,1,1,0,2,1,2,      437900501
2023,4380,32,1,2,0,2,1,1,      438003201
2023,4380,34,1,8,0,2,1,1,      438003401
2023,4380,36,1,98,98,2,1,1,      438003601
2023,4380,37,1,11,0,2,1,2,      438003701
2023,4380,48,1,14,0,2,1,2,      438004801
2023,4380,50,1,13,0,1,1,1,      438005001
2023,4380,50,1,1,0,2,2,5,      438005001
2023,4380,51,1,8,0,2,1,1,      438005101
2023,4380,110,1,4,0,2,1,1,      438011001
2023,4380,113,1,3,0,1,1,2,      438011301
2023,4380,113,1,1,0,2,2,3,      438011301
2023,4380,118,1,19,0,2,1,1,      438011801
2023,4381,8,1,2,0,2,1,2,      438100801
2023,4381,56,1,0,1,2,1,2,      438105601
2023,4382,75,1,0,5,2,1,3,      438207501
2023,4391,21,1,0,6,2,1,2,      439102101
2023,4391,25,1,0,6,2,1,2,      439102501
2023,4391,65,1,4,0,2,1,2,      439106501
2023,4391,92,1,3,0,2,1,2,      439109201
2023,4392,33,1,3,3,2,1,1,      439203301
2023,4392,37,1,1,0,2,1,3,      439203701
2023,4392,40,1,1,0,2,1,2,      439204001
2023,4392,41,1,2,0,2,1,4,      439204101
2023,4392,42,1,0,1,2,1,2,      439204201
2023,4392,45,1,0,5,2,1,1,      439204501
2023,4393,53,1,19,5,2,1,2,      439305301
2023,4393,55,1,5,0,2,1,2,      439305501
2023,4394,49,1,5,6,2,1,2,      439404901
2023,4395,56,1,5,0,2,1,1,      439505601
2023,4395,74,1,0,1,2,1,1,      439507401
2023,4396,13,1,0,5,2,1,2,      439601301
2023,4396,50,1,6,0,2,1,2,      439605001
2023,4396,71,1,2,0,2,1,1,      439607101
2023,4397,1,1,0,1,2,1,2,      439700101
2023,4397,90,1,1,0,2,1,2,      439709001
2023,4400,1,1,2,0,2,1,2,      440000101
2023,4400,4,1,2,3,2,1,1,      440000401
2023,4400,36,1,0,5,2,1,2,      440003601
2023,4415,19,1,1,3,2,1,2,      441501901
2023,4420,63,1,1,3,2,1,1,      442006301
2023,4431,14,1,2,0,2,1,2,      443101401
2023,4431,63,1,2,0,2,1,1,      443106301
2023,4432,2,1,1,0,2,1,2,      443200201
2023,4432,14,1,5,5,2,1,3,      443201401
2023,4432,28,1,5,0,2,1,1,      443202801
2023,4432,30,1,3,5,2,1,1,      443203001
2023,4433,2,1,6,0,2,1,1,      443300201
2023,4433,78,1,2,0,2,1,2,      443307801
2023,4435,6,1,13,0,2,1,2,      443500601
2023,4435,9,1,7,0,2,1,2,      443500901
2023,4435,13,1,10,0,2,1,2,      443501301
2023,4435,14,1,1,0,2,1,3,      443501401
2023,4435,15,1,10,0,2,1,2,      443501501
2023,4435,23,1,16,0,2,1,1,      443502301
2023,4435,24,1,7,0,2,1,1,      443502401
2023,4435,26,1,2,0,2,1,2,      443502601
2023,4435,27,1,7,0,2,1,2,      443502701
2023,4436,35,1,19,0,2,1,2,      443603501
2023,4436,43,1,1,0,2,1,2,      443604301
2023,4436,46,1,14,0,2,1,1,      443604601
2023,4436,51,1,1,0,2,1,2,      443605101
2023,4439,62,1,7,0,2,1,1,      443906201
2023,4440,33,1,19,0,2,1,2,      444003301
2023,4440,34,1,10,0,2,1,2,      444003401
2023,4440,53,1,5,0,2,1,1,      444005301
2023,4440,55,1,10,0,2,1,2,      444005501
2023,4440,56,1,10,0,2,1,2,      444005601
2023,4440,57,1,10,0,2,1,2,      444005701
2023,4440,69,1,10,0,2,1,1,      444006901
2023,4443,51,1,1,6,2,1,2,      444305101
2023,4450,31,1,8,0,2,1,1,      445003101
2023,4450,34,1,3,0,2,1,2,      445003401
2023,4450,35,1,2,4,2,1,2,      445003501
2023,4450,36,1,2,6,2,1,2,      445003601
2023,4450,43,1,19,11,2,1,2,      445004301
2023,4450,44,1,8,0,2,1,1,      445004401
2023,4450,45,1,8,6,2,1,2,      445004501
2023,4450,46,1,10,0,2,1,2,      445004601
2023,4450,111,1,5,6,2,1,1,      445011101
2023,4450,116,1,2,0,2,1,2,      445011601
2023,4454,156,1,0,11,2,1,1,      445415601
2023,4456,2,1,2,0,2,1,2,      445600201
2023,4456,26,1,10,0,2,1,2,      445602601
2023,4456,28,1,0,6,2,1,2,      445602801
2023,4456,30,1,2,6,2,1,2,      445603001
2023,4456,114,1,8,0,2,1,3,      445611401
2023,4457,8,1,5,2,2,1,1,      445700801
2023,4457,114,1,0,6,2,1,1,      445711401
2023,4460,151,1,1,0,2,1,2,      446015101
2023,4465,121,1,0,3,2,1,2,      446512101
2023,4493,9,1,2,6,2,1,1,      449300901
2023,4493,10,1,10,0,2,1,2,      449301001
2023,4493,79,1,3,6,2,1,1,      449307901
2023,4493,80,1,4,6,2,1,1,      449308001
2023,4497,28,1,0,3,2,1,1,      449702801
2023,4497,34,1,0,3,2,1,2,      449703401
2023,4497,82,1,1,0,1,1,1,      449708201
2023,4497,82,1,8,0,2,2,2,      449708201
2023,4497,88,1,1,1,2,1,2,      449708801
2023,4499,39,1,5,0,2,1,2,      449903901
2023,4501,45,1,0,6,2,1,2,      450104501
2023,4504,1,1,2,0,2,1,2,      450400101
2023,4504,4,1,5,0,2,1,1,      450400401
2023,4506,114,1,19,11,2,1,2,      450611401
2023,4506,115,1,11,0,2,1,2,      450611501
2023,4506,116,1,1,3,2,1,2,      450611601
2023,4506,117,1,1,0,2,1,2,      450611701
2023,4507,11,1,10,0,2,1,2,      450701101
2023,4507,13,1,19,11,2,1,2,      450701301
2023,4507,14,1,19,5,2,1,2,      450701401
2023,4508,7,1,2,0,2,1,2,      450800701
2023,4508,11,1,19,11,2,1,2,      450801101
2023,4508,12,1,5,0,2,1,2,      450801201
2023,4508,13,1,13,0,2,1,2,      450801301
2023,4508,15,1,15,0,2,1,2,      450801501
2023,4508,16,1,5,1,2,1,2,      450801601
2023,4508,17,1,10,0,2,1,2,      450801701
2023,4508,18,1,10,0,2,1,2,      450801801
2023,4508,50,1,3,0,2,1,2,      450805001
2023,4508,56,1,19,0,2,1,2,      450805601
2023,4508,59,1,6,0,2,1,2,      450805901
2023,4509,24,1,4,4,2,1,2,      450902401
2023,4509,26,1,19,4,2,1,2,      450902601
2023,4509,27,1,3,0,2,1,2,      450902701
2023,4509,53,1,1,0,2,1,1,      450905301
2023,4509,54,1,1,0,2,1,2,      450905401
2023,4509,55,1,3,0,2,1,1,      450905501
2023,4512,47,1,19,11,2,1,1,      451204701
2023,4512,48,1,2,3,2,1,2,      451204801
2023,4512,112,1,12,0,2,1,2,      451211201
2023,4512,114,1,5,0,2,1,2,      451211401
2023,4524,152,1,1,2,1,1,1,      452415201
2023,4524,152,1,1,2,2,2,2,      452415201
2023,4532,38,1,4,4,2,1,2,      453203801
2023,4534,18,1,3,1,1,1,1,      453401801
2023,4534,18,1,3,1,2,2,2,      453401801
2023,4537,40,1,2,5,2,1,1,      453704001
2023,4544,111,1,1,5,2,1,3,      454411101
2023,4552,28,1,0,6,1,1,1,      455202801
2023,4552,28,1,0,6,2,2,2,      455202801
2023,4554,29,1,5,1,1,1,1,      455402901
2023,4554,29,1,5,0,2,2,6,      455402901
2023,4593,84,1,1,6,2,1,2,      459308401
2023,4602,129,1,0,4,2,1,1,      460212901
2023,4606,28,1,0,1,2,1,5,      460602801
2023,4614,40,1,1,0,1,1,1,      461404001
2023,4614,40,1,1,0,1,2,2,      461404001
2023,4614,40,1,1,0,2,3,4,      461404001
2023,4614,71,1,1,0,1,1,2,      461407101
2023,4614,71,1,1,0,2,2,3,      461407101
2023,4630,72,1,13,3,2,1,1,      463007201
2023,4630,115,1,14,7,2,1,2,      463011501
2023,4644,133,1,5,4,1,1,1,      464413301
2023,4644,133,1,19,4,1,2,2,      464413301
2023,4644,133,1,15,4,1,3,3,      464413301
2023,4644,133,1,19,4,2,4,4,      464413301
2023,4644,133,3,19,4,1,1,1,      464413303
2023,4644,133,3,10,4,1,2,2,      464413303
2023,4644,133,3,3,4,2,3,3,      464413303
2023,4644,140,1,6,3,2,1,1,      464414001
2023,4657,14,1,0,2,2,1,2,      465701401
2023,4660,84,1,4,1,2,1,1,      466008401
2023,4665,2,1,0,1,2,1,3,      466500201
2023,4684,4,1,4,1,2,1,1,      468400401
2023,4684,54,1,3,1,2,1,2,      468405401
2023,4686,63,1,3,4,2,1,2,      468606301
2023,4689,19,1,2,0,2,1,2,      468901901
2023,4704,42,1,1,1,2,1,2,      470404201
2023,4704,86,1,0,5,2,1,1,      470408601
2023,4723,5,1,1,4,1,1,1,      472300501
2023,4723,5,1,1,4,2,2,2,      472300501
2023,4723,8,1,2,4,2,1,2,      472300801
2023,4723,13,1,15,4,1,1,1,      472301301
2023,4723,13,1,1,4,2,2,2,      472301301
2023,4723,15,1,5,4,2,1,2,      472301501
2023,4737,86,1,19,5,1,1,2,      473708601
2023,4737,86,1,0,6,1,2,4,      473708601
2023,4737,86,1,0,1,2,3,6,      473708601
2023,4742,97,1,0,3,2,1,2,      474209701
2023,4743,8,1,1,2,2,1,2,      474300801
2023,4746,25,1,8,3,2,1,2,      474602501
2023,4749,41,1,3,5,2,1,2,      474904101
2023,4751,4,1,6,6,2,1,2,      475100401
2023,4755,104,1,0,3,2,1,2,      475510401
2023,4777,61,1,5,0,1,1,1,      477706101
2023,4777,61,1,5,0,1,2,2,      477706101
2023,4777,61,1,5,0,1,3,3,      477706101
2023,4777,61,1,5,0,2,4,4,      477706101
2023,4777,78,1,1,6,2,1,2,      477707801
2023,4803,8,1,2,0,2,1,1,      480300801
2023,4803,10,1,19,0,2,1,2,      480301001
2023,4803,35,1,10,0,2,1,2,      480303501
2023,4810,84,1,2,1,1,1,2,      481008401
2023,4810,84,1,2,1,2,2,4,      481008401
2023,4828,131,1,0,1,2,1,1,      482813101
2023,4853,8,1,3,1,2,1,2,      485300801
2023,4856,32,1,9,4,2,1,2,      485603201
2023,4858,135,1,5,0,2,1,1,      485813501
2023,4860,117,1,0,2,1,1,1,      486011701
2023,4860,117,1,0,2,2,2,3,      486011701
2023,4861,141,1,10,2,2,1,2,      486114101
2023,4863,23,1,1,2,2,1,2,      486302301
2023,4865,48,1,1,3,2,1,1,      486504801
2023,4865,122,1,7,0,2,1,2,      486512201
2023,4865,123,1,15,98,2,1,4,      486512301
2023,4865,125,1,2,0,2,1,2,      486512501
2023,4866,94,1,8,4,2,1,2,      486609401
2023,4885,12,1,4,2,2,1,2,      488501201
2023,4885,13,1,5,0,2,1,2,      488501301
2023,4885,28,1,4,2,2,1,2,      488502801
2023,4885,30,1,4,2,2,1,2,      488503001
2023,4894,65,1,0,8,2,1,2,      489406501
2023,4894,83,1,0,1,2,1,1,      489408301
2023,4900,11,1,0,1,2,1,2,      490001101
2023,4900,13,1,1,1,2,1,1,      490001301
2023,4900,15,1,19,98,2,1,1,      490001501
2023,4900,44,1,1,10,2,1,2,      490004401
2023,4912,13,1,1,8,2,1,3,      491201301
2023,4913,122,1,0,2,2,1,2,      491312201
2023,4913,126,1,2,11,2,1,1,      491312601
2023,4916,13,1,0,5,1,1,1,      491601301
2023,4916,13,1,0,5,1,2,2,      491601301
2023,4916,13,1,0,5,1,3,3,      491601301
2023,4916,13,1,0,5,2,4,4,      491601301
2023,4916,58,1,1,9,2,1,5,      491605801
2023,4919,51,1,3,11,2,1,1,      491905101
2023,4920,50,1,4,0,2,1,2,      492005001
2023,4920,88,1,5,0,2,1,1,      492008801
2023,4921,4,1,1,10,2,1,1,      492100401
2023,4921,29,1,0,10,2,1,2,      492102901
2023,4921,58,1,0,10,2,1,2,      492105801
2023,4925,129,1,1,0,2,1,1,      492512901
2023,4927,53,1,2,0,2,1,2,      492705301
2023,4928,65,1,1,6,2,1,1,      492806501
2023,4928,100,1,4,6,2,1,1,      492810001
2023,4930,67,1,2,0,2,1,2,      493006701
2023,4930,69,1,15,11,2,1,1,      493006901
2023,4930,70,1,4,0,2,1,1,      493007001
2023,4930,91,1,13,9,2,1,2,      493009101
2023,4934,91,1,1,2,2,1,1,      493409101
2023,4934,94,1,0,5,2,1,2,      493409401
2023,4934,95,1,0,3,2,1,1,      493409501
2023,4934,97,1,2,10,2,1,2,      493409701
2023,4935,31,1,0,7,2,1,2,      493503101
2023,4935,38,1,2,0,2,1,1,      493503801
2023,4935,56,1,1,0,2,1,2,      493505601
2023,4938,50,1,15,98,2,1,1,      493805001
2023,4938,52,1,1,0,2,1,1,      493805201
2023,4940,13,1,1,0,2,1,2,      494001301
2023,4940,14,1,1,0,2,1,2,      494001401
2023,4940,94,1,1,0,2,1,2,      494009401
2023,4940,95,1,2,0,2,1,1,      494009501
2023,4940,97,1,0,10,2,1,2,      494009701
2023,4957,92,1,0,9,2,1,1,      495709201
2023,4964,61,1,0,6,2,1,2,      496406101
2023,4965,6,1,1,0,2,1,2,      496500601
2023,4968,15,1,2,0,2,1,2,      496801501
2023,4968,29,1,3,0,2,1,1,      496802901
2023,4969,43,1,5,0,2,1,1,      496904301
2023,4969,52,1,0,2,2,1,1,      496905201
2023,4972,15,1,1,0,2,1,2,      497201501
2023,4972,18,1,0,1,2,1,2,      497201801
2023,4974,1,1,19,10,2,1,2,      497400101
2023,4974,3,1,2,0,2,1,2,      497400301
2023,4974,5,1,10,9,2,1,2,      497400501
2023,4975,1,1,1,7,2,1,2,      497500101
2023,4975,3,1,1,5,2,1,2,      497500301
2023,4975,61,1,5,7,2,1,2,      497506101
2023,4976,10,1,1,6,2,1,2,      497601001
2023,4976,12,1,0,7,2,1,2,      497601201
2023,4976,27,1,3,7,2,1,2,      497602701
2023,4977,15,1,1,10,2,1,2,      497701501
2023,4977,40,1,5,3,2,1,2,      497704001
2023,4978,28,1,4,0,2,1,2,      497802801
2023,4978,53,1,0,3,2,1,1,      497805301
2023,4978,56,1,0,10,2,1,2,      497805601
2023,4979,27,1,5,0,2,1,2,      497902701
2023,4979,57,1,2,0,2,1,2,      497905701
2023,4979,65,1,1,0,2,1,2,      497906501
2023,4979,66,1,0,6,2,1,2,      497906601
2023,4979,68,1,2,2,2,1,2,      497906801
2023,4992,96,1,11,7,2,1,2,      499209601
2023,4996,26,1,0,5,2,1,1,      499602601
2023,4997,17,1,4,3,2,1,2,      499701701
2023,5003,128,1,0,5,1,1,1,      500312801
2023,5003,128,1,0,5,1,2,2,      500312801
2023,5003,128,1,0,5,1,3,3,      500312801
2023,5003,128,1,0,5,1,4,4,      500312801
2023,5003,128,1,0,5,1,5,5,      500312801
2023,5003,128,1,0,5,1,6,6,      500312801
2023,5003,128,1,0,5,1,7,7,      500312801
2023,5003,128,1,0,5,2,8,8,      500312801
2023,5005,82,1,1,10,2,1,2,      500508201
2023,5006,15,1,1,4,2,1,3,      500601501
2023,5013,60,3,1,8,2,1,1,      501306003
2023,5019,19,1,0,11,2,1,4,      501901901
2023,5019,32,1,0,1,2,1,1,      501903201
2023,5020,30,1,0,3,2,1,2,      502003001
2023,5031,37,1,1,6,2,1,2,      503103701
2023,5033,35,1,19,6,1,1,1,      503303501
2023,5033,35,1,6,6,2,2,3,      503303501
2023,5033,36,1,1,5,2,1,1,      503303601
2023,5033,39,1,7,5,2,1,1,      503303901
2023,5034,35,1,19,0,1,1,1,      503403501
2023,5034,35,1,19,0,1,2,2,      503403501
2023,5034,35,1,10,0,1,3,3,      503403501
2023,5034,35,1,12,0,2,4,5,      503403501
2023,5035,17,1,2,7,2,1,2,      503501701
2023,5035,18,1,1,4,1,1,2,      503501801
2023,5035,18,1,8,4,2,2,5,      503501801
2023,5035,41,1,2,7,2,1,2,      503504101
2023,5035,45,1,2,7,2,1,2,      503504501
2023,5036,75,1,4,6,2,1,2,      503607501
2023,5038,28,1,19,9,2,1,2,      503802801
2023,5038,29,1,0,9,2,1,1,      503802901
2023,5039,134,1,6,0,2,1,2,      503913401
2023,5043,7,1,0,8,2,1,1,      504300701
2023,5043,21,1,10,0,2,1,1,      504302101
2023,5043,24,1,10,0,1,1,1,      504302401
2023,5043,24,1,6,0,2,2,2,      504302401
2023,5043,29,1,19,11,2,1,1,      504302901
2023,5043,32,1,1,0,2,1,2,      504303201
2023,5043,68,1,19,11,2,1,2,      504306801
2023,5043,86,1,0,6,2,1,2,      504308601
2023,5045,6,1,1,0,2,1,2,      504500601
2023,5045,28,1,2,0,2,1,2,      504502801
2023,5045,35,1,1,0,2,1,2,      504503501
2023,5048,92,1,1,0,2,1,2,      504809201
2023,5048,93,1,5,0,2,1,2,      504809301
2023,5048,95,1,10,0,2,1,2,      504809501
2023,5050,19,1,15,0,2,1,2,      505001901
2023,5050,31,1,2,11,2,1,2,      505003101
2023,5050,33,1,1,0,2,1,2,      505003301
2023,5050,34,1,2,11,2,1,1,      505003401
2023,5050,41,1,8,0,2,1,2,      505004101
2023,5051,16,1,10,0,2,1,2,      505101601
2023,5051,18,1,0,6,2,1,1,      505101801
2023,5051,19,1,10,0,2,1,2,      505101901
2023,5051,26,1,6,0,2,1,2,      505102601
2023,5051,27,1,3,0,2,1,1,      505102701
2023,5051,74,1,8,0,2,1,2,      505107401
2023,5051,77,1,5,0,2,1,2,      505107701
2023,5052,34,1,10,0,2,1,1,      505203401
2023,5052,35,1,12,0,2,1,2,      505203501
2023,5052,37,1,10,0,2,1,2,      505203701
2023,5052,41,1,15,0,2,1,1,      505204101
2023,5052,73,1,2,0,2,1,2,      505207301
2023,5052,75,1,2,0,2,1,2,      505207501
2023,5052,87,1,8,0,2,1,2,      505208701
2023,5052,98,1,19,0,2,1,1,      505209801
2023,5054,61,1,19,11,2,1,2,      505406101
2023,5054,117,1,1,1,2,1,3,      505411701
2023,5054,119,1,15,0,2,1,2,      505411901
2023,5055,3,1,10,0,2,1,2,      505500301
2023,5055,4,1,2,0,2,1,2,      505500401
2023,5055,6,1,7,0,2,1,1,      505500601
2023,5055,7,1,3,0,2,1,2,      505500701
2023,5055,11,1,0,8,2,1,2,      505501101
2023,5055,13,1,1,0,2,1,2,      505501301
2023,5055,14,1,19,11,2,1,1,      505501401
2023,5055,15,1,19,11,2,1,2,      505501501
2023,5055,46,1,3,0,2,1,2,      505504601
2023,5055,48,1,5,0,2,1,2,      505504801
2023,5055,49,1,3,0,2,1,1,      505504901
2023,5056,2,1,2,0,2,1,2,      505600201
2023,5056,30,1,1,2,2,1,2,      505603001
2023,5056,33,1,1,0,2,1,1,      505603301
2023,5056,39,1,1,0,2,1,1,      505603901
2023,5056,44,1,2,0,2,1,2,      505604401
2023,5056,49,1,1,0,2,1,2,      505604901
2023,5056,58,1,0,9,2,1,2,      505605801
2023,5056,62,1,15,5,2,1,2,      505606201
2023,5063,43,1,0,2,2,1,2,      506304301
2023,5063,135,1,19,6,2,1,1,      506313501
2023,5109,9,1,0,2,2,1,1,      510900901
2023,5115,46,1,6,0,2,1,2,      511504601
2023,5115,47,1,1,8,1,1,2,      511504701
2023,5115,47,1,0,8,1,2,3,      511504701
2023,5115,47,1,1,8,1,3,5,      511504701
2023,5115,47,1,1,8,2,4,6,      511504701
2023,5115,50,1,0,8,2,1,1,      511505001
2023,5126,15,1,4,8,2,1,1,      512601501
2023,5128,34,1,0,3,2,1,2,      512803401
2023,5128,108,1,3,0,2,1,2,      512810801
2023,5130,5,1,0,1,2,1,2,      513000501
2023,5130,16,1,0,1,2,1,2,      513001601
2023,5130,69,1,0,1,2,1,2,      513006901
2023,5131,40,1,1,0,2,1,3,      513104001
2023,5132,7,1,8,98,2,1,2,      513200701
2023,5132,11,1,15,98,2,1,2,      513201101
2023,5132,39,1,0,3,1,1,1,      513203901
2023,5132,39,1,0,3,1,2,2,      513203901
2023,5132,39,1,0,3,1,3,3,      513203901
2023,5132,39,1,0,3,1,4,4,      513203901
2023,5132,39,1,0,3,2,5,5,      513203901
2023,5132,41,1,0,2,2,1,1,      513204101
2023,5132,47,1,1,8,2,1,2,      513204701
2023,5144,13,1,5,0,2,1,1,      514401301
2023,5146,80,1,10,0,2,1,1,      514608001
2023,5159,50,1,3,10,1,1,5,      515905001
2023,5159,50,1,0,5,2,2,6,      515905001
2023,5180,53,1,1,8,2,1,1,      518005301
2023,5203,82,1,0,1,2,1,2,      520308201
2023,5204,118,1,2,11,2,1,1,      520411801
2023,5207,184,1,0,6,2,1,2,      520718401
2023,5210,66,1,3,9,2,1,1,      521006601
2023,5211,15,1,0,5,2,1,2,      521101501
2023,5211,37,1,0,9,2,1,1,      521103701
2023,5211,42,1,0,2,2,1,2,      521104201
2023,5229,26,1,0,1,2,1,1,      522902601
2023,5270,19,1,0,2,2,1,4,      527001901
2023,5271,9,1,19,11,2,1,1,      527100901
2023,5285,13,1,3,10,2,1,2,      528501301
2023,5291,59,1,1,10,2,1,2,      529105901
2023,5301,190,1,1,0,2,1,2,      530119001
2023,5304,3,1,0,6,2,1,1,      530400301
2023,5324,54,1,2,4,2,1,1,      532405401
2023,5326,40,1,5,10,2,1,2,      532604001
2023,5326,69,1,2,6,1,1,1,      532606901
2023,5326,69,1,2,6,1,2,2,      532606901
2023,5326,69,1,2,6,1,3,3,      532606901
2023,5326,69,1,2,6,2,4,4,      532606901
2023,5326,79,1,2,0,2,1,1,      532607901
2023,5328,23,1,4,0,2,1,2,      532802301
2023,5328,24,1,0,3,2,1,2,      532802401
2023,5328,53,1,1,3,2,1,1,      532805301
2023,5328,161,1,0,6,2,1,2,      532816101
2023,5328,162,1,0,4,2,1,2,      532816201
2023,5328,165,1,6,3,2,1,2,      532816501
2023,5328,165,2,0,2,2,1,2,      532816502
2023,5328,176,1,1,0,2,1,2,      532817601
2023,5329,42,1,3,98,2,1,2,      532904201
2023,5329,86,1,4,0,2,1,1,      532908601
2023,5347,41,1,5,9,2,1,1,      534704101
2023,5354,6,1,2,0,1,1,2,      535400601
2023,5354,6,1,2,0,1,2,3,      535400601
2023,5354,6,1,0,6,2,3,4,      535400601
2023,5357,43,1,0,1,1,1,2,      535704301
2023,5357,43,1,0,1,1,2,3,      535704301
2023,5357,43,1,0,1,2,3,4,      535704301
2023,5370,55,1,2,11,2,1,1,      537005501
2023,5383,13,1,1,7,2,1,4,      538301301
2023,5385,30,1,2,2,2,1,1,      538503001
2023,5388,81,1,1,3,2,1,4,      538808101
2023,5389,32,1,19,0,2,1,1,      538903201
2023,5389,49,1,2,0,2,1,3,      538904901
2023,5391,17,1,0,1,2,1,2,      539101701
2023,5391,30,1,2,7,2,1,2,      539103001
2023,5391,65,1,2,8,2,1,2,      539106501
2023,5396,19,1,1,6,2,1,1,      539601901
2023,5401,56,1,0,6,2,1,2,      540105601
2023,5403,38,1,5,0,2,1,2,      540303801
