ID1,QHCLUSTER,QHNUMBER,QHHOME,PS100_1A,PS100_1M,PS100_1S,PS3,HVIDX,HHID
2023,22,3,1,5,0,2,1,1,      002200301
2023,23,47,1,5,0,2,1,2,      002304701
2023,31,228,1,7,3,2,1,1,      003122801
2023,38,1,1,98,98,2,1,4,      003800101
2023,38,5,1,1,5,2,1,1,      003800501
2023,38,128,1,8,2,1,1,1,      003812801
2023,38,128,1,6,2,2,2,2,      003812801
2023,42,113,1,1,2,2,1,1,      004211301
2023,45,2,1,0,2,2,1,1,      004500201
2023,51,25,1,4,5,2,1,1,      005102501
2023,51,29,1,2,4,2,1,1,      005102901
2023,53,16,1,5,0,2,1,2,      005301601
2023,57,53,1,8,2,2,1,1,      005705301
2023,57,128,1,3,1,2,1,6,      005712801
2023,88,72,1,0,6,2,1,5,      008807201
2023,91,8,1,6,0,2,1,1,      009100801
2023,96,56,1,8,1,2,1,1,      009605601
2023,96,57,1,0,5,2,1,2,      009605701
2023,100,13,1,0,4,2,1,1,      010001301
2023,100,81,1,1,2,1,1,1,      010008101
2023,100,81,1,2,2,2,2,2,      010008101
2023,100,106,1,3,2,2,1,1,      010010601
2023,100,108,1,6,2,2,1,1,      010010801
2023,100,109,1,5,0,2,1,5,      010010901
2023,103,4,1,98,98,2,1,1,      010300401
2023,103,5,1,4,0,1,1,1,      010300501
2023,103,5,1,0,2,2,2,2,      010300501
2023,103,88,1,5,0,2,1,2,      010308801
2023,103,106,1,8,0,2,1,2,      010310601
2023,103,107,1,4,0,2,1,5,      010310701
2023,103,110,1,0,2,1,1,1,      010311001
2023,103,110,1,1,0,2,2,2,      010311001
2023,104,114,1,2,4,2,1,4,      010411401
2023,104,134,1,4,5,1,1,1,      010413401
2023,104,134,1,4,5,2,2,2,      010413401
2023,106,3,1,6,0,2,1,1,      010600301
2023,106,4,1,8,0,1,1,1,      010600401
2023,106,4,1,7,0,2,2,2,      010600401
2023,106,7,1,5,98,1,1,1,      010600701
2023,106,7,1,3,98,2,2,2,      010600701
2023,106,45,1,4,0,2,1,1,      010604501
2023,106,52,1,6,98,2,1,1,      010605201
2023,110,8,1,6,0,2,1,6,      011000801
2023,110,15,1,8,0,2,1,6,      011001501
2023,110,102,1,4,6,2,1,1,      011010201
2023,112,7,1,8,98,2,1,1,      011200701
2023,131,27,1,8,0,2,1,1,      013102701
2023,142,21,1,4,2,2,1,1,      014202101
2023,142,136,1,0,1,2,1,1,      014213601
2023,143,25,1,2,0,1,1,1,      014302501
2023,143,25,1,0,6,2,2,2,      014302501
2023,144,146,1,3,0,2,1,1,      014414601
2023,146,22,1,2,0,2,1,1,      014602201
2023,146,115,1,8,0,2,1,5,      014611501
2023,147,78,1,8,0,2,1,1,      014707801
2023,152,20,1,4,0,2,1,6,      015202001
2023,152,23,1,5,0,2,1,2,      015202301
2023,157,39,1,8,11,2,1,1,      015703901
2023,163,68,1,7,6,1,1,1,      016306801
2023,163,68,1,3,7,2,2,2,      016306801
2023,163,126,1,98,98,2,1,1,      016312601
2023,166,122,1,0,11,1,1,1,      016612201
2023,166,122,1,0,3,2,2,2,      016612201
2023,166,139,1,8,11,2,1,1,      016613901
2023,220,13,1,8,0,2,1,7,      022001301
2023,226,42,1,3,2,2,1,1,      022604201
2023,242,132,1,8,0,2,1,6,      024213201
2023,245,48,1,2,0,1,1,1,      024504801
2023,245,48,1,2,0,2,2,2,      024504801
2023,245,84,1,5,0,2,1,4,      024508401
2023,253,128,1,5,2,1,1,1,      025312801
2023,253,128,1,3,2,2,2,2,      025312801
2023,258,48,1,0,6,2,1,2,      025804801
2023,261,23,1,2,4,2,1,1,      026102301
2023,269,64,1,4,0,2,1,1,      026906401
2023,270,92,1,5,0,1,1,1,      027009201
2023,270,92,1,2,0,2,2,2,      027009201
2023,273,11,1,1,2,2,1,4,      027301101
2023,273,14,1,8,0,2,1,6,      027301401
2023,273,83,1,8,2,2,1,1,      027308301
2023,276,49,1,3,0,2,1,1,      027604901
2023,276,63,1,3,0,2,1,7,      027606301
2023,276,64,1,1,6,1,1,1,      027606401
2023,276,64,1,2,6,2,2,2,      027606401
2023,280,70,1,0,4,2,1,2,      028007001
2023,280,71,1,6,0,2,1,4,      028007101
2023,281,2,1,7,0,1,1,1,      028100201
2023,281,2,1,3,0,2,2,2,      028100201
2023,281,19,1,0,1,2,1,1,      028101901
2023,281,86,1,0,3,2,1,1,      028108601
2023,281,89,1,8,0,2,1,1,      028108901
2023,281,90,1,1,6,2,1,2,      028109001
2023,293,43,1,5,4,1,1,1,      029304301
2023,293,43,1,8,4,2,2,2,      029304301
2023,293,45,1,1,4,2,1,7,      029304501
2023,293,46,1,2,4,2,1,1,      029304601
2023,294,17,1,4,0,2,1,2,      029401701
2023,294,68,1,0,1,2,1,1,      029406801
2023,306,117,1,2,0,2,1,1,      030611701
2023,317,74,1,8,11,2,1,1,      031707401
2023,318,159,1,4,4,2,1,1,      031815901
2023,322,84,1,6,98,2,1,1,      032208401
2023,322,157,1,6,0,2,1,1,      032215701
2023,322,158,1,0,2,2,1,1,      032215801
2023,323,82,1,0,1,2,1,1,      032308201
2023,323,87,1,3,0,2,1,1,      032308701
2023,323,89,1,7,0,2,1,6,      032308901
2023,324,3,1,5,9,1,1,1,      032400301
2023,324,3,1,0,1,2,2,2,      032400301
2023,324,24,1,5,0,2,1,4,      032402401
2023,324,30,1,8,1,1,1,1,      032403001
2023,324,30,1,2,5,2,2,2,      032403001
2023,324,31,1,1,0,2,1,1,      032403101
2023,325,21,1,4,0,2,1,1,      032502101
2023,335,16,1,6,4,2,1,1,      033501601
2023,335,17,1,0,4,2,1,1,      033501701
2023,335,19,1,7,3,1,1,1,      033501901
2023,335,19,1,6,1,2,2,2,      033501901
2023,335,20,1,4,4,2,1,1,      033502001
2023,335,26,1,3,0,2,1,1,      033502601
2023,336,112,1,3,3,1,1,4,      033611201
2023,336,112,1,3,3,2,2,5,      033611201
2023,337,12,1,8,0,2,1,1,      033701201
2023,337,59,1,1,8,1,1,1,      033705901
2023,337,59,1,1,0,2,2,2,      033705901
2023,340,78,1,98,98,2,1,1,      034007801
2023,346,82,1,1,6,1,1,1,      034608201
2023,346,82,1,1,6,2,2,2,      034608201
2023,354,93,1,1,0,2,1,3,      035409301
2023,356,61,1,1,2,2,1,3,      035606101
2023,362,7,1,0,3,2,1,1,      036200701
2023,382,54,1,5,3,1,1,1,      038205401
2023,382,54,1,3,3,2,2,2,      038205401
2023,418,132,1,0,5,2,1,2,      041813201
2023,422,104,1,2,2,2,1,5,      042210401
2023,424,57,1,7,2,2,1,1,      042405701
2023,437,67,1,1,0,2,1,3,      043706701
2023,441,15,1,4,2,2,1,7,      044101501
2023,441,91,1,0,2,2,1,1,      044109101
2023,448,44,1,1,6,2,1,1,      044804401
2023,450,14,1,5,0,2,1,1,      045001401
2023,451,36,1,3,2,2,1,3,      045103601
2023,451,37,1,6,1,2,1,6,      045103701
2023,451,45,1,1,2,2,1,1,      045104501
2023,457,65,1,8,0,1,1,1,      045706501
2023,457,65,1,0,1,2,2,2,      045706501
2023,458,23,1,5,1,2,1,6,      045802301
2023,458,66,1,6,0,2,1,2,      045806601
2023,458,68,1,3,0,2,1,1,      045806801
2023,458,110,1,5,2,2,1,1,      045811001
2023,480,13,1,98,98,2,1,1,      048001301
2023,482,32,1,3,0,2,1,1,      048203201
2023,483,43,1,4,4,1,1,1,      048304301
2023,483,43,1,4,4,2,2,2,      048304301
2023,483,50,1,98,98,2,1,1,      048305001
2023,483,51,1,98,4,1,1,1,      048305101
2023,483,51,1,98,4,2,2,2,      048305101
2023,483,53,1,3,4,2,1,1,      048305301
2023,483,54,1,5,0,2,1,6,      048305401
2023,490,73,1,0,6,2,1,2,      049007301
2023,493,18,1,0,9,2,1,2,      049301801
2023,493,20,1,5,4,1,1,1,      049302001
2023,493,20,1,4,4,2,2,2,      049302001
2023,493,80,1,3,2,2,1,1,      049308001
2023,494,81,1,7,0,2,1,1,      049408101
2023,501,7,1,3,0,1,1,1,      050100701
2023,501,7,1,0,2,2,2,2,      050100701
2023,501,9,1,6,0,2,1,1,      050100901
2023,501,14,1,7,5,2,1,3,      050101401
2023,502,15,1,8,11,1,1,1,      050201501
2023,502,15,1,8,11,2,2,2,      050201501
2023,502,18,1,3,5,2,1,2,      050201801
2023,502,73,1,2,5,2,1,1,      050207301
2023,503,82,1,1,0,2,1,1,      050308201
2023,503,120,1,3,0,2,1,1,      050312001
2023,508,37,1,8,1,2,1,1,      050803701
2023,515,3,1,5,0,2,1,1,      051500301
2023,515,5,1,8,0,1,1,1,      051500501
2023,515,5,1,8,0,2,2,2,      051500501
2023,515,11,1,2,0,2,1,1,      051501101
2023,515,13,1,2,0,2,1,1,      051501301
2023,515,14,1,3,6,1,1,1,      051501401
2023,515,14,1,2,6,2,2,2,      051501401
2023,515,71,1,98,98,1,1,1,      051507101
2023,515,71,1,98,98,2,2,3,      051507101
2023,515,72,1,5,6,2,1,5,      051507201
2023,515,73,1,2,6,2,1,1,      051507301
2023,515,75,1,1,0,1,1,1,      051507501
2023,515,75,1,1,0,2,2,2,      051507501
2023,516,69,1,1,0,2,1,1,      051606901
2023,516,108,1,0,3,2,1,2,      051610801
2023,518,10,1,1,2,1,1,1,      051801001
2023,518,10,1,2,2,2,2,2,      051801001
2023,518,94,1,0,2,1,1,1,      051809401
2023,518,94,1,4,2,2,2,3,      051809401
2023,536,32,1,4,3,2,1,4,      053603201
2023,545,72,1,8,0,2,1,1,      054507201
2023,545,179,1,7,0,2,1,6,      054517901
2023,550,80,1,5,3,2,1,1,      055008001
2023,550,135,1,8,4,2,1,7,      055013501
2023,553,14,1,0,4,2,1,1,      055301401
2023,554,25,1,5,2,2,1,3,      055402501
2023,557,109,1,4,0,1,1,1,      055710901
2023,557,109,1,0,2,2,2,2,      055710901
2023,558,120,1,5,5,2,1,5,      055812001
2023,565,122,1,1,6,2,1,1,      056512201
2023,568,25,1,3,4,2,1,2,      056802501
2023,573,145,1,5,2,2,1,1,      057314501
2023,592,51,1,5,0,2,1,1,      059205101
2023,600,80,1,7,0,2,1,1,      060008001
2023,601,57,1,6,3,2,1,1,      060105701
2023,655,60,1,1,5,2,1,1,      065506001
2023,693,1,1,0,4,2,1,3,      069300101
2023,693,2,1,0,5,2,1,2,      069300201
2023,693,7,1,1,0,2,1,1,      069300701
2023,693,10,1,5,6,2,1,1,      069301001
2023,693,64,1,6,1,2,1,2,      069306401
2023,693,66,1,8,0,2,1,1,      069306601
2023,693,67,1,3,0,2,1,1,      069306701
2023,695,2,1,0,3,2,1,2,      069500201
2023,695,108,1,8,0,2,1,5,      069510801
2023,734,7,1,1,0,1,1,1,      073400701
2023,734,7,1,4,0,2,2,2,      073400701
2023,736,86,1,1,0,2,1,2,      073608601
2023,736,98,1,8,0,2,1,5,      073609801
2023,747,75,1,0,3,2,1,2,      074707501
2023,750,79,1,7,0,2,1,4,      075007901
2023,754,140,1,2,0,2,1,5,      075414001
2023,756,35,1,8,0,1,1,1,      075603501
2023,756,35,1,3,0,2,2,2,      075603501
2023,756,36,1,1,0,2,1,2,      075603601
2023,756,77,1,6,0,2,1,1,      075607701
2023,790,66,1,6,0,2,1,1,      079006601
2023,800,33,1,6,0,2,1,9,      080003301
2023,812,112,1,0,1,2,1,1,      081211201
2023,814,17,1,1,2,2,1,1,      081401701
2023,814,44,1,2,0,1,1,1,      081404401
2023,814,44,1,2,0,2,2,2,      081404401
2023,880,38,1,7,2,2,1,2,      088003801
2023,885,54,1,3,4,2,1,4,      088505401
2023,974,93,1,3,2,2,1,1,      097409301
2023,976,138,1,7,1,1,1,1,      097613801
2023,976,138,1,7,1,2,2,2,      097613801
2023,1001,118,1,0,2,2,1,1,      100111801
2023,1010,163,1,6,2,2,1,1,      101016301
2023,1022,44,1,2,0,2,1,1,      102204401
2023,1025,32,1,5,0,2,1,1,      102503201
2023,1031,36,1,1,2,2,1,8,      103103601
2023,1044,66,1,0,1,2,1,1,      104406601
2023,1044,87,1,98,98,2,1,1,      104408701
2023,1058,31,1,3,1,1,1,1,      105803101
2023,1058,31,1,0,1,2,2,2,      105803101
2023,1058,165,1,2,0,2,1,1,      105816501
2023,1068,109,1,5,2,2,1,1,      106810901
2023,1077,105,1,7,0,2,1,1,      107710501
2023,1078,25,1,5,6,2,1,1,      107802501
2023,1078,36,1,3,5,2,1,1,      107803601
2023,1092,145,1,8,3,2,1,1,      109214501
2023,1093,2,1,4,1,2,1,2,      109300201
2023,1095,10,1,2,2,2,1,1,      109501001
2023,1095,43,1,1,1,1,1,1,      109504301
2023,1095,43,1,0,1,2,2,2,      109504301
2023,1136,38,1,5,0,2,1,6,      113603801
2023,1151,12,1,1,6,2,1,1,      115101201
2023,1158,7,1,0,2,2,1,1,      115800701
2023,1158,9,1,1,0,1,1,5,      115800901
2023,1158,9,1,1,0,2,2,6,      115800901
2023,1174,149,1,3,3,2,1,1,      117414901
2023,1179,3,1,3,4,2,1,1,      117900301
2023,1191,12,1,5,3,2,1,5,      119101201
2023,1205,94,1,3,0,2,1,5,      120509401
2023,1216,6,1,1,3,1,1,1,      121600601
2023,1216,6,1,1,3,2,2,2,      121600601
2023,1251,23,1,2,6,2,1,1,      125102301
2023,1259,43,1,5,0,1,1,1,      125904301
2023,1259,43,1,3,0,2,2,2,      125904301
2023,1260,136,1,8,3,2,1,1,      126013601
2023,1308,91,1,7,1,2,1,1,      130809101
2023,1328,6,1,6,0,2,1,6,      132800601
2023,1331,2,1,0,1,2,1,1,      133100201
2023,1331,55,1,1,1,2,1,4,      133105501
2023,1334,67,1,2,0,2,1,1,      133406701
2023,1334,118,1,8,0,2,1,1,      133411801
2023,1350,89,1,6,4,2,1,1,      135008901
2023,1363,111,1,8,3,2,1,1,      136311101
2023,1363,150,1,7,4,2,1,1,      136315001
2023,1374,9,1,98,98,2,1,2,      137400901
2023,1374,10,1,3,2,1,1,1,      137401001
2023,1374,10,1,6,2,2,2,2,      137401001
2023,1374,11,1,2,5,2,1,1,      137401101
2023,1374,14,1,1,1,2,1,1,      137401401
2023,1375,14,1,1,0,1,1,1,      137501401
2023,1375,14,1,2,3,2,2,2,      137501401
2023,1375,15,1,0,8,2,1,1,      137501501
2023,1375,16,1,8,10,2,1,1,      137501601
2023,1375,97,1,0,8,2,1,1,      137509701
2023,1375,98,1,5,6,2,1,2,      137509801
2023,1377,17,1,4,4,2,1,5,      137701701
2023,1377,58,1,8,5,2,1,6,      137705801
2023,1378,32,1,7,4,2,1,2,      137803201
2023,1378,58,1,2,1,2,1,1,      137805801
2023,1378,61,1,7,4,2,1,1,      137806101
2023,1389,41,1,2,0,2,1,5,      138904101
2023,1398,126,1,5,4,2,1,1,      139812601
2023,1401,85,1,0,1,2,1,7,      140108501
2023,1403,33,1,3,4,2,1,5,      140303301
2023,1409,58,1,4,3,2,1,5,      140905801
2023,1418,46,1,7,9,2,1,1,      141804601
2023,1435,66,1,7,3,2,1,3,      143506601
2023,1435,68,1,5,3,2,1,1,      143506801
2023,1440,1,1,3,7,2,1,5,      144000101
2023,1440,21,1,3,8,2,1,3,      144002101
2023,1440,25,1,3,0,1,1,1,      144002501
2023,1440,25,1,2,0,2,2,2,      144002501
2023,1473,13,1,0,4,2,1,1,      147301301
2023,1478,66,1,5,0,2,1,5,      147806601
2023,1497,26,1,5,2,2,1,1,      149702601
2023,1504,105,1,3,1,2,1,1,      150410501
2023,1519,19,1,6,0,1,1,1,      151901901
2023,1519,19,1,5,0,2,2,2,      151901901
2023,1528,36,1,5,1,2,1,1,      152803601
2023,1544,89,1,5,0,2,1,1,      154408901
2023,1587,2,1,4,0,2,1,1,      158700201
2023,1593,18,1,4,4,2,1,8,      159301801
2023,1597,14,1,8,2,2,1,1,      159701401
2023,1602,4,1,0,6,2,1,1,      160200401
2023,1607,161,1,2,2,2,1,2,      160716101
2023,1614,26,1,4,1,2,1,5,      161402601
2023,1614,38,1,3,4,1,1,1,      161403801
2023,1614,38,1,0,4,2,2,2,      161403801
2023,1623,4,1,4,0,2,1,1,      162300401
2023,1639,42,1,0,9,2,1,1,      163904201
2023,1645,14,1,0,5,2,1,1,      164501401
2023,1647,62,1,8,3,2,1,1,      164706201
2023,1662,43,1,4,6,2,1,1,      166204301
2023,1664,9,1,7,98,2,1,2,      166400901
2023,1671,163,1,4,7,1,1,1,      167116301
2023,1671,163,1,3,7,2,2,2,      167116301
2023,1671,164,1,1,7,2,1,1,      167116401
2023,1672,310,1,3,9,2,1,1,      167231001
2023,1677,11,1,5,8,2,1,1,      167701101
2023,1681,77,1,3,98,1,1,1,      168107701
2023,1681,77,1,3,98,2,2,2,      168107701
2023,1681,120,1,2,10,2,1,1,      168112001
2023,1686,79,1,4,0,2,1,5,      168607901
2023,1714,71,1,5,0,2,1,2,      171407101
2023,1728,37,1,8,0,1,1,1,      172803701
2023,1728,37,1,8,0,2,2,2,      172803701
2023,1728,52,1,5,0,2,1,1,      172805201
2023,1728,74,1,6,0,2,1,1,      172807401
2023,1728,76,1,98,98,2,1,1,      172807601
2023,1728,78,1,0,4,2,1,2,      172807801
2023,1737,23,1,6,98,2,1,1,      173702301
2023,1740,8,1,4,2,1,1,1,      174000801
2023,1740,8,1,1,2,2,2,2,      174000801
2023,1740,33,1,5,0,2,1,3,      174003301
2023,1740,99,1,6,4,1,1,1,      174009901
2023,1740,99,1,3,4,2,2,2,      174009901
2023,1747,71,1,5,0,2,1,1,      174707101
2023,1748,112,1,1,6,2,1,1,      174811201
2023,1763,84,1,7,0,2,1,8,      176308401
2023,1772,7,1,4,0,2,1,7,      177200701
2023,1772,11,1,8,0,2,1,3,      177201101
2023,1772,85,1,2,0,2,1,2,      177208501
2023,1772,86,1,2,0,2,1,2,      177208601
2023,1772,87,1,6,0,2,1,1,      177208701
2023,1772,95,1,5,10,2,1,1,      177209501
2023,1772,98,1,8,11,1,1,1,      177209801
2023,1772,98,1,8,11,2,2,2,      177209801
2023,1777,7,1,8,0,2,1,1,      177700701
2023,1777,17,1,3,0,2,1,1,      177701701
2023,1779,21,1,3,0,2,1,1,      177902101
2023,1779,52,1,3,0,2,1,1,      177905201
2023,1780,1,1,4,0,2,1,1,      178000101
2023,1780,21,1,8,2,2,1,1,      178002101
2023,1780,41,1,8,0,2,1,1,      178004101
2023,1784,15,1,7,2,2,1,1,      178401501
2023,1784,34,1,4,0,2,1,2,      178403401
2023,1785,13,1,0,6,1,1,1,      178501301
2023,1785,13,1,0,3,2,2,2,      178501301
2023,1785,14,1,5,0,1,1,1,      178501401
2023,1785,14,1,5,0,2,2,2,      178501401
2023,1844,9,1,1,11,2,1,1,      184400901
2023,1845,101,1,8,8,2,1,1,      184510101
2023,1857,9,1,2,6,2,1,6,      185700901
2023,1857,100,1,7,6,2,1,5,      185710001
2023,1860,14,1,0,2,2,1,1,      186001401
2023,1874,36,1,8,0,2,1,3,      187403601
2023,1890,13,1,0,8,2,1,1,      189001301
2023,1890,59,1,1,3,2,1,4,      189005901
2023,1897,19,1,4,0,2,1,1,      189701901
2023,1897,65,1,8,8,2,1,2,      189706501
2023,1897,80,1,3,8,2,1,4,      189708001
2023,1899,30,1,0,6,2,1,1,      189903001
2023,1899,55,1,3,7,2,1,1,      189905501
2023,1899,64,1,3,6,2,1,1,      189906401
2023,1899,84,1,0,6,2,1,1,      189908401
2023,1899,85,1,3,7,2,1,1,      189908501
2023,1902,21,1,0,8,1,1,1,      190202101
2023,1902,21,1,0,8,2,2,2,      190202101
2023,1902,36,1,0,6,2,1,1,      190203601
2023,1902,81,1,0,2,2,1,1,      190208101
2023,1902,82,1,3,10,1,1,1,      190208201
2023,1902,82,1,3,10,2,2,2,      190208201
2023,1904,29,1,6,10,2,1,5,      190402901
2023,1904,67,1,8,10,2,1,2,      190406701
2023,1905,3,1,98,8,1,1,1,      190500301
2023,1905,3,1,98,8,2,2,2,      190500301
2023,1905,92,1,3,8,2,1,1,      190509201
2023,1908,8,1,0,9,2,1,1,      190800801
2023,1908,15,1,6,0,2,1,1,      190801501
2023,1908,24,1,0,3,2,1,1,      190802401
2023,1908,25,1,8,10,2,1,1,      190802501
2023,1908,40,1,8,10,2,1,1,      190804001
2023,1914,41,1,98,98,2,1,1,      191404101
2023,1914,42,1,3,9,1,1,1,      191404201
2023,1914,42,1,3,9,2,2,2,      191404201
2023,1930,67,1,8,1,2,1,4,      193006701
2023,1931,89,1,5,0,1,1,1,      193108901
2023,1931,89,1,3,0,2,2,2,      193108901
2023,1938,82,1,4,11,1,1,1,      193808201
2023,1938,82,1,4,11,2,2,2,      193808201
2023,1943,4,1,3,0,2,1,1,      194300401
2023,1943,74,1,2,6,2,1,1,      194307401
2023,1943,90,1,0,2,2,1,1,      194309001
2023,1943,91,1,5,3,1,1,1,      194309101
2023,1943,91,1,5,3,2,2,2,      194309101
2023,1947,48,1,5,0,2,1,7,      194704801
2023,1947,52,1,7,0,2,1,1,      194705201
2023,1947,66,1,4,3,2,1,6,      194706601
2023,1950,69,1,6,0,2,1,1,      195006901
2023,1950,120,1,8,11,1,1,1,      195012001
2023,1950,120,1,8,10,2,2,2,      195012001
2023,1959,66,1,8,0,2,1,1,      195906601
2023,1959,92,1,7,0,2,1,1,      195909201
2023,1959,124,1,2,0,2,1,7,      195912401
2023,1959,135,1,0,6,2,1,2,      195913501
2023,1964,13,1,3,0,2,1,1,      196401301
2023,1964,25,1,4,5,2,1,3,      196402501
2023,1964,27,1,1,5,2,1,5,      196402701
2023,1964,47,1,0,6,2,1,1,      196404701
2023,1964,48,1,4,0,1,1,1,      196404801
2023,1964,48,1,4,0,2,2,2,      196404801
2023,1964,50,1,6,0,2,1,1,      196405001
2023,1965,1,1,8,4,1,1,1,      196500101
2023,1965,1,1,8,4,2,2,2,      196500101
2023,1965,4,1,1,0,2,1,2,      196500401
2023,1965,20,1,8,0,2,1,1,      196502001
2023,1965,28,1,3,4,1,1,1,      196502801
2023,1965,28,1,3,4,2,2,2,      196502801
2023,1968,51,1,0,3,2,1,1,      196805101
2023,1968,101,1,7,0,2,1,1,      196810101
2023,1968,107,1,8,0,2,1,6,      196810701
2023,1975,82,1,8,0,2,1,1,      197508201
2023,1986,203,1,4,5,2,1,1,      198620301
2023,1990,2,1,2,11,1,1,1,      199000201
2023,1990,2,1,2,11,2,2,2,      199000201
2023,2018,14,1,8,0,2,1,1,      201801401
2023,2024,15,1,1,6,2,1,5,      202401501
2023,2026,66,1,1,5,2,1,1,      202606601
2023,2053,36,1,3,10,2,1,1,      205303601
2023,2056,49,1,3,9,2,1,1,      205604901
2023,2065,32,1,3,10,2,1,6,      206503201
2023,2065,35,1,1,11,2,1,1,      206503501
2023,2065,59,1,8,11,2,1,8,      206505901
2023,2067,78,1,6,6,2,1,1,      206707801
2023,2067,82,1,7,6,2,1,4,      206708201
2023,2072,4,1,8,8,2,1,3,      207200401
2023,2072,73,1,8,8,2,1,1,      207207301
2023,2072,74,1,8,8,2,1,1,      207207401
2023,2072,77,1,4,8,2,1,2,      207207701
2023,2073,2,1,6,9,2,1,1,      207300201
2023,2073,24,1,5,9,2,1,1,      207302401
2023,2078,77,1,98,98,2,1,1,      207807701
2023,2085,93,1,8,10,2,1,1,      208509301
2023,2085,95,1,4,10,2,1,1,      208509501
2023,2100,145,1,0,7,2,1,1,      210014501
2023,2105,29,1,6,0,2,1,1,      210502901
2023,2105,63,1,2,0,2,1,5,      210506301
2023,2105,65,1,2,0,1,1,1,      210506501
2023,2105,65,1,2,0,2,2,2,      210506501
2023,2107,46,1,8,0,1,1,1,      210704601
2023,2107,46,1,7,0,2,2,2,      210704601
2023,2107,47,1,2,7,2,1,1,      210704701
2023,2110,3,1,1,8,2,1,2,      211000301
2023,2110,54,1,98,98,2,1,1,      211005401
2023,2111,41,1,8,8,2,1,4,      211104101
2023,2111,42,1,8,11,2,1,3,      211104201
2023,2111,66,1,8,8,2,1,5,      211106601
2023,2111,91,1,2,0,2,1,1,      211109101
2023,2111,98,1,2,0,2,1,4,      211109801
2023,2116,24,1,98,98,2,1,1,      211602401
2023,2116,29,1,6,6,1,1,1,      211602901
2023,2116,29,1,5,6,2,2,2,      211602901
2023,2116,54,1,0,4,2,1,1,      211605401
2023,2116,59,1,4,0,1,1,1,      211605901
2023,2116,59,1,4,0,2,2,2,      211605901
2023,2118,18,1,1,6,2,1,2,      211801801
2023,2118,27,1,5,0,2,1,1,      211802701
2023,2118,89,1,2,0,2,1,1,      211808901
2023,2118,92,1,8,11,2,1,1,      211809201
2023,2118,93,1,7,0,2,1,1,      211809301
2023,2119,105,1,8,6,2,1,2,      211910501
2023,2121,20,1,98,6,2,1,1,      212102001
2023,2121,27,1,4,0,1,1,1,      212102701
2023,2121,27,1,1,0,2,2,2,      212102701
2023,2121,91,1,8,11,2,1,1,      212109101
2023,2121,93,1,1,3,2,1,1,      212109301
2023,2125,10,1,8,11,2,1,3,      212501001
2023,2125,52,1,4,0,2,1,1,      212505201
2023,2133,9,1,5,10,2,1,3,      213300901
2023,2133,62,1,0,5,2,1,1,      213306201
2023,2138,108,1,8,0,2,1,1,      213810801
2023,2138,109,1,2,0,2,1,1,      213810901
2023,2162,18,1,0,6,2,1,2,      216201801
2023,2164,4,1,7,8,2,1,1,      216400401
2023,2168,11,1,2,98,2,1,1,      216801101
2023,2168,85,1,2,7,2,1,1,      216808501
2023,2173,1,1,8,11,2,1,2,      217300101
2023,2173,37,1,8,11,2,1,1,      217303701
2023,2176,45,1,4,0,2,1,1,      217604501
2023,2176,49,1,5,4,1,1,1,      217604901
2023,2176,49,1,3,4,2,2,2,      217604901
2023,2176,88,1,98,98,2,1,5,      217608801
2023,2177,17,1,7,10,2,1,4,      217701701
2023,2177,22,1,8,10,2,1,3,      217702201
2023,2177,48,1,3,10,2,1,1,      217704801
2023,2177,49,1,7,9,2,1,1,      217704901
2023,2177,74,1,4,10,2,1,1,      217707401
2023,2184,20,1,0,4,2,1,4,      218402001
2023,2184,124,1,2,11,2,1,1,      218412401
2023,2185,79,1,1,9,2,1,1,      218507901
2023,2187,74,1,5,8,2,1,6,      218707401
2023,2192,128,1,3,10,2,1,1,      219212801
2023,2234,135,1,5,10,2,1,5,      223413501
2023,2237,52,1,3,0,2,1,5,      223705201
2023,2252,71,1,6,0,2,1,6,      225207101
2023,2257,33,1,3,8,2,1,1,      225703301
2023,2257,36,1,4,8,2,1,1,      225703601
2023,2257,36,2,1,8,2,1,1,      225703602
2023,2257,65,1,8,8,2,1,1,      225706501
2023,2280,70,1,4,0,2,1,1,      228007001
2023,2291,10,1,4,9,2,1,1,      229101001
2023,2298,91,1,1,6,2,1,1,      229809101
2023,2303,77,1,4,7,2,1,1,      230307701
2023,2306,18,1,1,1,1,1,1,      230601801
2023,2306,18,1,1,1,2,2,2,      230601801
2023,2311,10,1,1,11,2,1,1,      231101001
2023,2315,11,1,1,0,1,1,1,      231501101
2023,2315,11,1,0,1,2,2,2,      231501101
2023,2315,12,1,0,2,2,1,1,      231501201
2023,2316,16,1,3,0,2,1,1,      231601601
2023,2316,17,1,98,98,2,1,1,      231601701
2023,2316,89,1,2,6,2,1,1,      231608901
2023,2367,124,1,4,0,2,1,1,      236712401
2023,2367,126,1,8,0,1,1,1,      236712601
2023,2367,126,1,3,0,2,2,2,      236712601
2023,2373,103,1,4,0,2,1,4,      237310301
2023,2392,77,1,7,0,2,1,1,      239207701
2023,2406,33,1,6,6,2,1,1,      240603301
2023,2406,83,1,0,4,2,1,4,      240608301
2023,2421,79,1,8,0,2,1,1,      242107901
2023,2429,39,1,0,2,2,1,1,      242903901
2023,2433,77,1,5,7,2,1,2,      243307701
2023,2435,116,1,2,0,1,1,1,      243511601
2023,2435,116,1,2,0,2,2,2,      243511601
2023,2437,125,1,3,5,2,1,1,      243712501
2023,2469,90,1,8,98,2,1,2,      246909001
2023,2556,4,1,6,0,2,1,6,      255600401
2023,2559,2,1,8,0,2,1,10,      255900201
2023,2639,46,1,1,5,2,1,3,      263904601
2023,2651,205,1,5,0,2,1,8,      265120501
2023,2658,6,1,1,5,2,1,4,      265800601
2023,2658,16,1,6,0,2,1,4,      265801601
2023,2660,45,1,1,0,2,1,1,      266004501
2023,2663,17,1,0,4,2,1,1,      266301701
2023,2663,27,1,0,4,2,1,2,      266302701
2023,2663,55,1,0,11,2,1,1,      266305501
2023,2680,125,1,4,4,2,1,1,      268012501
2023,2680,159,1,7,2,1,1,1,      268015901
2023,2680,159,1,7,2,2,2,2,      268015901
2023,2691,15,1,4,7,2,1,1,      269101501
2023,2702,90,1,6,4,2,1,1,      270209001
2023,2702,141,1,0,9,2,1,1,      270214101
2023,2703,3,1,2,3,1,1,2,      270300301
2023,2703,3,1,2,3,2,2,8,      270300301
2023,2704,23,1,3,4,2,1,1,      270402301
2023,2704,85,1,0,6,2,1,1,      270408501
2023,2706,36,1,8,4,2,1,4,      270603601
2023,2709,123,1,3,3,1,1,4,      270912301
2023,2709,123,1,3,3,2,2,5,      270912301
2023,2709,135,1,5,3,2,1,4,      270913501
2023,2711,103,1,1,2,2,1,1,      271110301
2023,2713,26,1,1,4,2,1,1,      271302601
2023,2713,28,1,0,3,2,1,1,      271302801
2023,2713,39,1,0,10,2,1,1,      271303901
2023,2714,1,1,4,0,2,1,1,      271400101
2023,2722,34,1,1,11,1,1,1,      272203401
2023,2722,34,1,1,11,1,2,2,      272203401
2023,2722,34,1,0,3,2,3,5,      272203401
2023,2729,18,1,1,10,2,1,1,      272901801
2023,2731,29,1,3,7,2,1,1,      273102901
2023,2752,80,1,3,1,2,1,1,      275208001
2023,2757,100,1,8,1,2,1,1,      275710001
2023,2773,62,1,3,4,2,1,1,      277306201
2023,2841,17,1,5,8,2,1,1,      284101701
2023,2841,43,1,1,10,2,1,1,      284104301
2023,2841,65,1,4,9,2,1,1,      284106501
2023,2841,75,1,1,9,2,1,1,      284107501
2023,2866,12,1,7,8,2,1,1,      286601201
2023,2868,60,1,3,5,2,1,1,      286806001
2023,2881,39,1,0,2,2,1,1,      288103901
2023,2881,41,1,1,8,2,1,1,      288104101
2023,2884,26,1,2,4,2,1,1,      288402601
2023,2885,9,1,0,2,2,1,1,      288500901
2023,2885,55,1,0,7,2,1,1,      288505501
2023,2889,76,1,4,7,2,1,1,      288907601
2023,2892,11,1,1,5,2,1,1,      289201101
2023,2912,7,1,3,0,2,1,1,      291200701
2023,2920,115,1,4,4,2,1,1,      292011501
2023,2944,29,1,98,98,2,1,7,      294402901
2023,2945,7,1,4,10,2,1,1,      294500701
2023,2945,14,1,0,2,1,1,1,      294501401
2023,2945,14,1,1,10,2,2,2,      294501401
2023,2947,64,1,5,0,1,1,1,      294706401
2023,2947,64,1,5,0,2,2,2,      294706401
2023,2949,14,1,4,0,1,1,1,      294901401
2023,2949,14,1,4,0,2,2,2,      294901401
2023,2949,98,1,3,3,2,1,4,      294909801
2023,2949,99,1,3,0,2,1,1,      294909901
2023,2949,100,1,8,0,2,1,3,      294910001
2023,2949,102,1,5,0,2,1,7,      294910201
2023,2949,130,1,2,0,2,1,6,      294913001
2023,2949,131,1,7,4,1,1,4,      294913101
2023,2949,131,1,7,4,2,2,5,      294913101
2023,2950,41,1,8,5,1,1,1,      295004101
2023,2950,41,1,1,5,2,2,2,      295004101
2023,2950,72,1,1,4,2,1,1,      295007201
2023,2950,74,1,0,8,2,1,1,      295007401
2023,2952,86,1,5,98,1,1,1,      295208601
2023,2952,86,1,4,98,2,2,2,      295208601
2023,2967,116,1,0,1,2,1,1,      296711601
2023,2970,46,1,5,8,2,1,1,      297004601
2023,2974,63,1,3,4,2,1,1,      297406301
2023,2992,80,1,5,6,2,1,5,      299208001
2023,2993,59,1,0,5,2,1,1,      299305901
2023,3003,87,1,8,10,2,1,1,      300308701
2023,3003,91,1,8,11,2,1,1,      300309101
2023,3005,3,1,1,6,2,1,1,      300500301
2023,3005,5,1,7,6,2,1,1,      300500501
2023,3005,26,1,8,7,2,1,1,      300502601
2023,3005,27,1,4,6,2,1,1,      300502701
2023,3005,92,1,2,7,2,1,1,      300509201
2023,3006,91,1,1,4,2,1,1,      300609101
2023,3007,35,1,8,9,2,1,1,      300703501
2023,3007,60,1,6,8,2,1,1,      300706001
2023,3007,62,1,0,6,2,1,1,      300706201
2023,3007,93,1,7,8,2,1,1,      300709301
2023,3009,78,1,0,11,2,1,3,      300907801
2023,3012,46,1,2,10,2,1,1,      301204601
2023,3012,47,1,3,4,1,1,1,      301204701
2023,3012,47,1,1,4,2,2,2,      301204701
2023,3012,51,1,7,8,2,1,1,      301205101
2023,3012,59,1,5,11,2,1,1,      301205901
2023,3018,139,1,5,8,2,1,5,      301813901
2023,3030,55,1,4,4,2,1,4,      303005501
2023,3035,145,1,3,3,2,1,1,      303514501
2023,3049,74,1,0,5,2,1,6,      304907401
2023,3051,115,1,4,7,2,1,7,      305111501
2023,3056,50,1,7,3,1,1,1,      305605001
2023,3056,50,1,7,3,2,2,2,      305605001
2023,3056,52,1,0,4,2,1,1,      305605201
2023,3056,127,1,4,4,2,1,5,      305612701
2023,3059,29,1,0,3,2,1,1,      305902901
2023,3062,3,1,5,0,1,1,1,      306200301
2023,3062,3,1,5,0,2,2,2,      306200301
2023,3062,153,1,4,6,2,1,7,      306215301
2023,3064,19,1,3,0,2,1,2,      306401901
2023,3144,58,1,5,0,2,1,1,      314405801
2023,3145,86,1,6,0,2,1,4,      314508601
2023,3146,83,1,5,3,2,1,8,      314608301
2023,3149,190,1,1,0,2,1,1,      314919001
2023,3167,132,1,1,0,2,1,1,      316713201
2023,3174,6,1,3,0,2,1,6,      317400601
2023,3183,11,1,98,98,2,1,9,      318301101
2023,3192,21,1,2,0,1,1,1,      319202101
2023,3192,21,1,1,0,2,2,2,      319202101
2023,3192,84,1,98,98,2,1,4,      319208401
2023,3200,91,1,5,2,2,1,1,      320009101
2023,3200,102,1,6,0,2,1,6,      320010201
2023,3203,83,1,7,10,2,1,8,      320308301
2023,3211,99,1,8,4,2,1,2,      321109901
2023,3212,76,1,5,5,2,1,7,      321207601
2023,3223,58,1,5,11,2,1,1,      322305801
2023,3226,46,1,3,8,2,1,1,      322604601
2023,3226,67,1,2,4,2,1,6,      322606701
2023,3227,146,1,4,5,2,1,4,      322714601
2023,3227,170,1,5,6,2,1,9,      322717001
2023,3229,85,1,3,5,2,1,5,      322908501
2023,3245,57,1,2,4,2,1,1,      324505701
2023,3251,5,1,0,1,1,1,1,      325100501
2023,3251,5,1,4,2,2,2,4,      325100501
2023,3251,34,1,0,1,2,1,2,      325103401
2023,3258,85,1,7,2,2,1,1,      325808501
2023,3258,112,1,0,2,2,1,1,      325811201
2023,3265,87,1,8,2,2,1,1,      326508701
2023,3267,6,1,8,0,2,1,7,      326700601
2023,3267,64,1,8,0,2,1,1,      326706401
2023,3268,116,1,3,0,1,1,1,      326811601
2023,3268,116,1,3,0,2,2,2,      326811601
2023,3269,45,1,2,5,1,1,1,      326904501
2023,3269,45,1,2,5,2,2,2,      326904501
2023,3269,49,1,8,5,2,1,1,      326904901
2023,3270,1,1,7,0,2,1,1,      327000101
2023,3270,7,1,4,0,2,1,1,      327000701
2023,3270,51,1,4,2,2,1,1,      327005101
2023,3270,53,1,4,0,2,1,5,      327005301
2023,3272,48,1,7,0,2,1,3,      327204801
2023,3277,100,1,2,0,2,1,6,      327710001
2023,3281,44,1,6,2,2,1,1,      328104401
2023,3285,26,1,8,0,2,1,1,      328502601
2023,3285,39,1,8,0,2,1,1,      328503901
2023,3285,59,1,6,0,2,1,1,      328505901
2023,3285,70,1,0,6,2,1,1,      328507001
2023,3287,61,1,0,2,1,1,2,      328706101
2023,3287,61,1,0,2,2,2,3,      328706101
2023,3287,115,1,5,2,2,1,2,      328711501
2023,3288,22,1,0,2,2,1,1,      328802201
2023,3288,31,1,3,0,2,1,2,      328803101
2023,3288,53,1,3,0,2,1,2,      328805301
2023,3288,64,1,2,0,1,1,1,      328806401
2023,3288,64,1,3,0,2,2,2,      328806401
2023,3288,70,1,5,0,2,1,8,      328807001
2023,3289,4,1,98,98,2,1,1,      328900401
2023,3289,45,1,5,0,2,1,1,      328904501
2023,3289,49,1,3,3,2,1,1,      328904901
2023,3291,20,1,0,8,2,1,6,      329102001
2023,3291,35,1,8,0,2,1,1,      329103501
2023,3291,91,1,5,4,1,1,1,      329109101
2023,3291,91,1,8,4,2,2,2,      329109101
2023,3292,12,1,4,0,2,1,4,      329201201
2023,3292,47,1,8,0,2,1,1,      329204701
2023,3292,48,1,1,8,2,1,2,      329204801
2023,3298,97,1,0,2,2,1,3,      329809701
2023,3300,3,1,5,4,1,1,1,      330000301
2023,3300,3,1,3,4,2,2,2,      330000301
2023,3300,80,1,3,0,2,1,1,      330008001
2023,3301,16,1,1,0,1,1,1,      330101601
2023,3301,16,1,3,0,1,2,2,      330101601
2023,3301,16,1,3,0,2,3,5,      330101601
2023,3301,33,1,4,0,2,1,1,      330103301
2023,3301,34,1,6,0,2,1,1,      330103401
2023,3301,155,1,98,98,2,1,1,      330115501
2023,3301,158,1,1,0,2,1,1,      330115801
2023,3302,91,1,7,0,2,1,1,      330209101
2023,3303,70,1,98,98,1,1,1,      330307001
2023,3303,70,1,3,0,2,2,2,      330307001
2023,3304,18,1,4,0,2,1,6,      330401801
2023,3304,28,1,7,0,1,1,1,      330402801
2023,3304,28,1,7,0,2,2,2,      330402801
2023,3306,18,1,1,0,2,1,1,      330601801
2023,3306,19,1,2,0,2,1,1,      330601901
2023,3306,27,1,0,6,2,1,1,      330602701
2023,3307,3,1,8,0,2,1,1,      330700301
2023,3307,22,1,7,0,1,1,1,      330702201
2023,3307,22,1,5,0,2,2,2,      330702201
2023,3307,26,1,4,0,1,1,1,      330702601
2023,3307,26,1,4,0,2,2,2,      330702601
2023,3307,31,1,6,0,2,1,7,      330703101
2023,3308,13,1,8,0,1,1,1,      330801301
2023,3308,13,1,6,0,2,2,2,      330801301
2023,3308,43,1,3,0,2,1,1,      330804301
2023,3308,52,1,0,2,2,1,1,      330805201
2023,3309,39,1,0,2,2,1,2,      330903901
2023,3309,118,1,7,0,2,1,1,      330911801
2023,3310,28,1,4,0,2,1,1,      331002801
2023,3310,45,1,3,0,2,1,1,      331004501
2023,3311,39,1,6,0,2,1,1,      331103901
2023,3318,113,1,0,1,2,1,3,      331811301
2023,3327,98,1,5,4,2,1,6,      332709801
2023,3330,14,1,2,2,1,1,1,      333001401
2023,3330,14,1,2,2,2,2,2,      333001401
2023,3330,94,1,3,3,1,1,1,      333009401
2023,3330,94,1,3,3,2,2,2,      333009401
2023,3330,102,1,3,1,1,1,1,      333010201
2023,3330,102,1,3,1,2,2,2,      333010201
2023,3339,32,1,2,0,2,1,1,      333903201
2023,3340,58,1,8,0,2,1,5,      334005801
2023,3343,26,1,6,5,2,1,6,      334302601
2023,3343,53,1,5,0,1,1,1,      334305301
2023,3343,53,1,6,0,2,2,2,      334305301
2023,3345,11,1,3,0,2,1,4,      334501101
2023,3345,79,1,3,0,2,1,1,      334507901
2023,3346,32,1,5,6,1,1,1,      334603201
2023,3346,32,1,4,6,2,2,2,      334603201
2023,3346,33,1,4,0,1,1,1,      334603301
2023,3346,33,1,4,0,2,2,2,      334603301
2023,3346,39,1,4,0,1,1,1,      334603901
2023,3346,39,1,4,0,2,2,2,      334603901
2023,3346,40,1,5,4,2,1,2,      334604001
2023,3346,42,1,98,5,1,1,1,      334604201
2023,3346,42,1,98,5,2,2,2,      334604201
2023,3346,43,1,7,0,2,1,2,      334604301
2023,3346,51,1,0,6,1,1,1,      334605101
2023,3346,51,1,2,4,2,2,2,      334605101
2023,3348,6,1,98,98,2,1,2,      334800601
2023,3348,14,1,3,0,2,1,1,      334801401
2023,3348,17,1,98,2,1,1,1,      334801701
2023,3348,17,1,98,2,2,2,2,      334801701
2023,3348,33,1,2,2,1,1,1,      334803301
2023,3348,33,1,1,2,2,2,2,      334803301
2023,3349,3,1,7,0,2,1,1,      334900301
2023,3350,26,1,0,10,1,1,1,      335002601
2023,3350,26,1,1,0,2,2,2,      335002601
2023,3351,28,1,98,1,1,1,1,      335102801
2023,3351,28,1,98,1,2,2,2,      335102801
2023,3351,29,1,4,0,1,1,1,      335102901
2023,3351,29,1,4,0,2,2,2,      335102901
2023,3351,64,1,4,0,2,1,5,      335106401
2023,3351,79,1,5,0,1,1,1,      335107901
2023,3351,79,1,5,0,2,2,2,      335107901
2023,3353,1,1,5,0,2,1,1,      335300101
2023,3353,9,1,3,0,1,1,1,      335300901
2023,3353,9,1,3,0,2,2,2,      335300901
2023,3358,174,1,2,0,2,1,1,      335817401
2023,3360,72,1,5,11,2,1,1,      336007201
2023,3361,7,1,3,6,2,1,1,      336100701
2023,3361,132,1,8,9,2,1,4,      336113201
2023,3362,24,1,5,1,2,1,1,      336202401
2023,3364,2,1,0,1,2,1,1,      336400201
2023,3367,35,1,2,0,1,1,1,      336703501
2023,3367,35,1,1,0,2,2,2,      336703501
2023,3367,37,1,1,0,1,1,1,      336703701
2023,3367,37,1,1,0,2,2,2,      336703701
2023,3367,75,1,3,0,2,1,1,      336707501
2023,3368,4,1,3,11,1,1,1,      336800401
2023,3368,4,1,0,1,2,2,2,      336800401
2023,3368,83,1,1,11,1,1,1,      336808301
2023,3368,83,1,1,11,2,2,2,      336808301
2023,3368,84,1,5,11,2,1,1,      336808401
2023,3368,85,1,5,0,2,1,1,      336808501
2023,3369,159,1,6,0,1,1,1,      336915901
2023,3369,159,1,5,1,2,2,2,      336915901
2023,3372,113,1,0,2,2,1,1,      337211301
2023,3373,24,1,4,0,2,1,1,      337302401
2023,3377,32,1,1,6,2,1,1,      337703201
2023,3377,95,1,0,1,2,1,2,      337709501
2023,3402,68,1,1,0,2,1,1,      340206801
2023,3405,33,1,4,3,2,1,5,      340503301
2023,3406,11,1,2,6,2,1,1,      340601101
2023,3406,49,1,4,6,2,1,2,      340604901
2023,3406,74,1,0,2,2,1,1,      340607401
2023,3407,54,1,6,2,2,1,2,      340705401
2023,3408,7,1,8,2,2,1,1,      340800701
2023,3408,10,1,98,98,2,1,1,      340801001
2023,3409,15,1,4,5,1,1,1,      340901501
2023,3409,15,1,4,5,2,2,2,      340901501
2023,3409,18,1,5,0,2,1,1,      340901801
2023,3410,11,1,5,4,2,1,1,      341001101
2023,3410,21,1,1,4,2,1,1,      341002101
2023,3411,46,1,3,3,2,1,5,      341104601
2023,3419,124,1,5,4,1,1,1,      341912401
2023,3419,124,1,3,4,2,2,2,      341912401
2023,3420,42,1,6,0,1,1,1,      342004201
2023,3420,42,1,4,0,2,2,2,      342004201
2023,3420,55,1,1,0,2,1,1,      342005501
2023,3420,90,1,3,0,1,1,1,      342009001
2023,3420,90,1,3,0,2,2,2,      342009001
2023,3420,92,1,0,4,2,1,1,      342009201
2023,3421,28,1,8,0,2,1,1,      342102801
2023,3422,34,1,2,0,2,1,1,      342203401
2023,3422,36,1,4,0,2,1,1,      342203601
2023,3422,37,1,3,1,2,1,1,      342203701
2023,3422,38,1,4,0,2,1,1,      342203801
2023,3423,61,1,2,0,2,1,1,      342306101
2023,3423,63,1,5,0,1,1,1,      342306301
2023,3423,63,1,5,0,2,2,2,      342306301
2023,3425,36,1,1,0,2,1,1,      342503601
2023,3427,28,1,8,11,1,1,1,      342702801
2023,3427,28,1,0,2,2,2,2,      342702801
2023,3428,17,1,5,3,2,1,2,      342801701
2023,3433,32,1,5,2,1,1,1,      343303201
2023,3433,32,1,5,2,2,2,2,      343303201
2023,3433,83,1,2,6,2,1,1,      343308301
2023,3437,63,1,1,0,2,1,1,      343706301
2023,3439,73,1,0,2,2,1,2,      343907301
2023,3440,9,1,8,1,1,1,1,      344000901
2023,3440,9,1,8,1,2,2,2,      344000901
2023,3440,44,1,8,0,2,1,2,      344004401
2023,3440,46,1,7,2,2,1,1,      344004601
2023,3440,53,1,8,2,2,1,2,      344005301
2023,3440,58,1,1,2,2,1,1,      344005801
2023,3441,50,1,1,0,2,1,1,      344105001
2023,3442,25,1,4,0,2,1,2,      344202501
2023,3443,1,1,0,4,1,1,1,      344300101
2023,3443,1,1,0,4,2,2,2,      344300101
2023,3443,10,1,8,0,2,1,4,      344301001
2023,3443,54,1,8,0,2,1,2,      344305401
2023,3443,69,1,8,0,2,1,2,      344306901
2023,3443,74,1,8,0,1,1,1,      344307401
2023,3443,74,1,8,0,2,2,2,      344307401
2023,3444,109,1,0,4,2,1,1,      344410901
2023,3445,37,1,5,11,2,1,1,      344503701
2023,3446,15,1,2,5,2,1,1,      344601501
2023,3446,18,1,7,0,2,1,5,      344601801
2023,3446,24,1,0,5,2,1,1,      344602401
2023,3446,36,1,5,3,2,1,1,      344603601
2023,3448,21,1,3,4,2,1,1,      344802101
2023,3448,23,1,2,4,1,1,1,      344802301
2023,3448,23,1,3,4,2,2,2,      344802301
2023,3448,32,1,5,4,1,1,1,      344803201
2023,3448,32,1,4,4,2,2,2,      344803201
2023,3454,194,1,0,6,2,1,1,      345419401
2023,3461,34,1,4,1,1,1,1,      346103401
2023,3461,34,1,4,1,2,2,2,      346103401
2023,3480,58,1,5,4,2,1,1,      348005801
2023,3486,50,1,0,3,2,1,1,      348605001
2023,3490,134,1,3,0,2,1,1,      349013401
2023,3500,79,1,5,0,2,1,1,      350007901
2023,3507,34,1,5,0,2,1,7,      350703401
2023,3507,88,1,3,0,2,1,4,      350708801
2023,3507,90,1,4,0,2,1,4,      350709001
2023,3507,112,1,5,0,1,1,1,      350711201
2023,3507,112,1,5,0,2,2,2,      350711201
2023,3510,92,1,3,0,2,1,6,      351009201
2023,3512,21,1,5,0,2,1,1,      351202101
2023,3521,122,1,5,0,1,1,1,      352112201
2023,3521,122,1,5,0,2,2,3,      352112201
2023,3522,123,2,5,3,2,1,4,      352212302
2023,3528,4,1,5,0,2,1,6,      352800401
2023,3529,95,1,8,5,2,1,1,      352909501
2023,3562,88,1,6,0,2,1,5,      356208801
2023,3570,25,1,4,0,2,1,1,      357002501
2023,3581,13,1,2,0,2,1,4,      358101301
2023,3582,77,1,3,0,2,1,5,      358207701
2023,3584,103,1,0,2,2,1,5,      358410301
2023,3590,59,1,5,2,1,1,1,      359005901
2023,3590,59,1,5,1,2,2,2,      359005901
2023,3595,93,1,1,4,2,1,1,      359509301
2023,3600,7,1,3,2,2,1,1,      360000701
2023,3604,34,1,8,2,2,1,1,      360403401
2023,3606,111,1,8,3,2,1,1,      360611101
2023,3607,86,1,5,5,2,1,6,      360708601
2023,3607,143,1,4,4,2,1,5,      360714301
2023,3608,173,1,0,6,2,1,4,      360817301
2023,3609,100,1,3,1,1,1,1,      360910001
2023,3609,100,1,3,1,2,2,2,      360910001
2023,3610,66,1,5,2,2,1,7,      361006601
2023,3616,92,1,6,3,2,1,1,      361609201
2023,3617,55,1,3,2,1,1,1,      361705501
2023,3617,55,1,1,2,2,2,2,      361705501
2023,3621,73,1,6,1,2,1,8,      362107301
2023,3622,53,1,0,5,2,1,1,      362205301
2023,3622,111,1,1,4,2,1,1,      362211101
2023,3622,116,1,8,0,2,1,6,      362211601
2023,3623,8,1,7,2,2,1,1,      362300801
2023,3623,16,1,5,1,2,1,1,      362301601
2023,3624,55,1,8,3,1,1,1,      362405501
2023,3624,55,1,1,5,2,2,2,      362405501
2023,3626,39,1,5,2,2,1,4,      362603901
2023,3627,101,1,1,3,2,1,5,      362710101
2023,3635,41,1,98,98,2,1,9,      363504101
2023,3639,51,1,0,4,2,1,1,      363905101
2023,3644,45,1,1,6,2,1,1,      364404501
2023,3644,46,1,0,5,1,1,1,      364404601
2023,3644,46,1,1,6,2,2,2,      364404601
2023,3646,92,1,3,3,2,1,1,      364609201
2023,3654,72,1,2,3,2,1,7,      365407201
2023,3661,2,1,3,2,2,1,1,      366100201
2023,3661,4,1,1,2,1,1,1,      366100401
2023,3661,4,1,1,2,2,2,2,      366100401
2023,3661,14,1,1,2,2,1,1,      366101401
2023,3663,20,1,5,4,2,1,1,      366302001
2023,3664,9,1,3,2,2,1,1,      366400901
2023,3664,44,1,5,0,2,1,1,      366404401
2023,3664,48,1,5,2,2,1,1,      366404801
2023,3665,61,1,4,0,2,1,2,      366506101
2023,3666,14,1,8,1,2,1,1,      366601401
2023,3666,54,1,2,1,1,1,1,      366605401
2023,3666,54,1,2,1,2,2,2,      366605401
2023,3666,70,1,8,2,2,1,1,      366607001
2023,3670,27,1,0,2,2,1,1,      367002701
2023,3674,8,1,4,4,2,1,1,      367400801
2023,3674,18,1,3,4,1,1,1,      367401801
2023,3674,18,1,3,6,2,2,2,      367401801
2023,3675,55,1,4,4,2,1,1,      367505501
2023,3677,16,1,4,2,2,1,4,      367701601
2023,3678,114,1,3,0,2,1,3,      367811401
2023,3680,79,1,3,0,2,1,1,      368007901
2023,3681,21,1,2,98,2,1,2,      368102101
2023,3681,65,1,3,1,2,1,1,      368106501
2023,3681,66,1,8,0,2,1,1,      368106601
2023,3683,22,1,3,5,1,1,4,      368302201
2023,3683,22,1,3,5,2,2,5,      368302201
2023,3684,36,1,1,6,2,1,1,      368403601
2023,3689,18,1,3,5,2,1,1,      368901801
2023,3690,30,1,1,2,2,1,2,      369003001
2023,3693,98,1,7,0,2,1,6,      369309801
2023,3698,109,1,0,6,2,1,5,      369810901
2023,3700,34,1,0,2,2,1,1,      370003401
2023,3702,40,1,8,0,2,1,1,      370204001
2023,3703,117,1,0,3,2,1,1,      370311701
2023,3705,94,1,2,3,2,1,1,      370509401
2023,3711,80,1,1,4,2,1,1,      371108001
2023,3713,13,1,2,1,1,1,1,      371301301
2023,3713,13,1,2,1,2,2,2,      371301301
2023,3714,8,1,8,6,2,1,1,      371400801
2023,3714,75,1,2,0,1,1,1,      371407501
2023,3714,75,1,0,4,2,2,4,      371407501
2023,3716,9,1,6,4,2,1,1,      371600901
2023,3716,28,1,4,4,2,1,1,      371602801
2023,3716,33,1,7,4,1,1,1,      371603301
2023,3716,33,1,0,4,2,2,2,      371603301
2023,3717,10,1,2,0,1,1,1,      371701001
2023,3717,10,1,2,0,2,2,2,      371701001
2023,3719,15,1,0,3,1,1,1,      371901501
2023,3719,15,1,5,4,2,2,2,      371901501
2023,3719,17,1,3,3,1,1,1,      371901701
2023,3719,17,1,0,3,2,2,2,      371901701
2023,3724,119,1,3,2,2,1,6,      372411901
2023,3725,131,1,4,4,2,1,9,      372513101
2023,3725,167,1,5,10,2,1,7,      372516701
2023,3727,34,1,4,0,1,1,1,      372703401
2023,3727,34,1,4,0,2,2,2,      372703401
2023,3730,94,1,1,0,2,1,1,      373009401
2023,3735,29,1,7,6,2,1,1,      373502901
2023,3735,31,1,5,2,2,1,1,      373503101
2023,3735,62,1,3,0,2,1,5,      373506201
2023,3737,149,1,2,0,2,1,4,      373714901
2023,3738,33,1,6,5,2,1,1,      373803301
2023,3757,68,1,5,4,1,1,1,      375706801
2023,3757,68,1,4,4,2,2,2,      375706801
2023,3757,86,1,5,4,2,1,1,      375708601
2023,3758,28,1,4,4,2,1,5,      375802801
2023,3758,39,1,5,4,2,1,1,      375803901
2023,3758,40,1,6,4,2,1,1,      375804001
2023,3769,100,1,3,0,2,1,1,      376910001
2023,3774,27,1,1,3,2,1,1,      377402701
2023,3777,37,1,2,1,2,1,1,      377703701
2023,3778,112,1,4,0,2,1,1,      377811201
2023,3785,5,1,8,4,2,1,1,      378500501
2023,3787,75,1,8,0,2,1,1,      378707501
2023,3787,110,1,5,2,2,1,1,      378711001
2023,3791,26,1,7,0,2,1,1,      379102601
2023,3798,92,1,4,0,1,1,1,      379809201
2023,3798,92,1,0,8,2,2,2,      379809201
2023,3798,96,1,0,6,2,1,4,      379809601
2023,3798,107,1,3,0,2,1,1,      379810701
2023,3798,112,1,0,7,2,1,1,      379811201
2023,3799,66,1,5,8,2,1,1,      379906601
2023,3799,96,1,5,0,2,1,7,      379909601
2023,3803,15,1,6,98,2,1,1,      380301501
2023,3803,54,1,7,9,2,1,4,      380305401
2023,3804,117,1,2,0,2,1,1,      380411701
2023,3805,71,1,8,10,2,1,5,      380507101
2023,3806,56,1,5,11,2,1,1,      380605601
2023,3806,64,1,3,11,2,1,1,      380606401
2023,3809,26,1,4,6,2,1,1,      380902601
2023,3811,45,1,3,8,2,1,3,      381104501
2023,3812,62,1,5,9,2,1,1,      381206201
2023,3812,147,1,2,9,1,1,1,      381214701
2023,3812,147,1,1,9,2,2,2,      381214701
2023,3812,207,1,4,9,2,1,1,      381220701
2023,3813,27,1,6,9,2,1,7,      381302701
2023,3815,2,1,5,10,1,1,1,      381500201
2023,3815,2,1,5,10,2,2,2,      381500201
2023,3815,14,1,3,10,2,1,2,      381501401
2023,3816,55,1,0,7,2,1,2,      381605501
2023,3817,15,1,2,10,2,1,1,      381701501
2023,3817,40,1,3,10,2,1,1,      381704001
2023,3831,18,1,3,10,2,1,4,      383101801
2023,3831,19,1,4,0,1,1,1,      383101901
2023,3831,19,1,4,0,2,2,2,      383101901
2023,3832,60,1,1,0,1,1,1,      383206001
2023,3832,60,1,0,7,2,2,2,      383206001
2023,3832,106,1,4,2,1,1,1,      383210601
2023,3832,106,1,0,2,2,2,2,      383210601
2023,3832,109,1,8,0,1,1,1,      383210901
2023,3832,109,1,8,0,2,2,2,      383210901
2023,3835,6,1,4,0,1,1,1,      383500601
2023,3835,6,1,4,0,2,2,2,      383500601
2023,3835,17,1,2,98,2,1,2,      383501701
2023,3836,29,1,4,0,2,1,1,      383602901
2023,3844,1,1,2,0,2,1,2,      384400101
2023,3844,11,1,1,0,2,1,6,      384401101
2023,3844,69,1,0,5,2,1,5,      384406901
2023,3845,83,1,8,0,2,1,1,      384508301
2023,3847,25,1,7,98,2,1,1,      384702501
2023,3847,55,1,6,0,2,1,1,      384705501
2023,3848,26,1,1,6,2,1,1,      384802601
2023,3848,164,1,4,0,2,1,6,      384816401
2023,3848,166,1,6,0,2,1,5,      384816601
2023,3849,12,1,3,10,2,1,1,      384901201
2023,3849,31,1,7,9,2,1,1,      384903101
2023,3849,52,1,8,0,2,1,1,      384905201
2023,3849,58,1,2,8,2,1,1,      384905801
2023,3850,7,1,4,0,2,1,2,      385000701
2023,3851,139,1,8,2,2,1,1,      385113901
2023,3851,140,1,3,0,2,1,2,      385114001
2023,3851,141,1,7,2,2,1,1,      385114101
2023,3852,52,1,8,0,2,1,6,      385205201
2023,3853,122,1,3,0,1,1,1,      385312201
2023,3853,122,1,5,0,2,2,2,      385312201
2023,3853,149,1,0,5,1,1,1,      385314901
2023,3853,149,1,0,5,2,2,2,      385314901
2023,3853,150,1,2,98,1,1,2,      385315001
2023,3853,150,1,3,98,2,2,3,      385315001
2023,3866,56,1,2,2,2,1,3,      386605601
2023,3867,57,1,8,10,2,1,4,      386705701
2023,3881,14,1,5,0,1,1,1,      388101401
2023,3881,14,1,5,0,2,2,2,      388101401
2023,3881,50,1,1,4,2,1,1,      388105001
2023,3882,18,1,8,0,2,1,1,      388201801
2023,3883,3,1,4,9,2,1,4,      388300301
2023,3883,19,1,8,10,2,1,2,      388301901
2023,3883,44,1,2,0,2,1,1,      388304401
2023,3886,45,1,8,10,1,1,1,      388604501
2023,3886,45,1,8,10,2,2,2,      388604501
2023,3886,52,1,0,10,2,1,1,      388605201
2023,3888,19,1,2,0,2,1,1,      388801901
2023,3888,21,1,8,0,2,1,1,      388802101
2023,3888,41,1,0,6,2,1,2,      388804101
2023,3888,42,1,6,0,2,1,1,      388804201
2023,3888,44,1,7,6,2,1,1,      388804401
2023,3888,65,1,0,11,2,1,1,      388806501
2023,3889,110,1,0,6,1,1,1,      388911001
2023,3889,110,1,0,6,2,2,2,      388911001
2023,3889,148,1,0,2,2,1,1,      388914801
2023,3890,51,1,0,6,2,1,1,      389005101
2023,3890,53,1,5,0,2,1,1,      389005301
2023,3890,117,1,1,6,2,1,4,      389011701
2023,3892,9,1,5,0,2,1,1,      389200901
2023,3892,20,1,8,0,2,1,1,      389202001
2023,3892,32,1,8,0,2,1,1,      389203201
2023,3892,46,1,8,0,2,1,3,      389204601
2023,3893,29,1,98,98,2,1,1,      389302901
2023,3893,54,1,5,0,2,1,1,      389305401
2023,3893,79,1,6,0,2,1,3,      389307901
2023,3894,1,1,5,10,2,1,5,      389400101
2023,3894,2,1,98,6,2,1,1,      389400201
2023,3894,5,1,4,0,1,1,1,      389400501
2023,3894,5,1,4,0,2,2,2,      389400501
2023,3894,65,1,7,8,1,1,1,      389406501
2023,3894,65,1,7,8,2,2,2,      389406501
2023,3894,66,1,6,0,1,1,1,      389406601
2023,3894,66,1,8,0,2,2,6,      389406601
2023,3899,8,1,4,2,2,1,2,      389900801
2023,3901,28,1,1,0,2,1,1,      390102801
2023,3901,29,1,2,5,2,1,5,      390102901
2023,3901,81,1,8,5,2,1,1,      390108101
2023,3902,41,1,2,5,2,1,1,      390204101
2023,3902,75,1,2,2,2,1,1,      390207501
2023,3902,102,1,3,0,2,1,1,      390210201
2023,3905,35,1,8,11,1,1,1,      390503501
2023,3905,35,1,8,11,2,2,2,      390503501
2023,3905,76,1,8,6,2,1,6,      390507601
2023,3905,79,1,1,0,2,1,5,      390507901
2023,3906,1,1,1,10,2,1,1,      390600101
2023,3906,14,1,3,5,2,1,3,      390601401
2023,3907,34,1,1,6,1,1,1,      390703401
2023,3907,34,1,6,4,2,2,2,      390703401
2023,3907,118,1,0,3,1,1,1,      390711801
2023,3907,118,1,0,2,2,2,2,      390711801
2023,3908,77,1,7,5,2,1,1,      390807701
2023,3908,89,1,5,0,2,1,1,      390808901
2023,3909,23,1,4,0,2,1,1,      390902301
2023,3909,79,1,4,4,2,1,1,      390907901
2023,3910,49,1,6,5,2,1,1,      391004901
2023,3910,127,1,4,5,1,1,1,      391012701
2023,3910,127,1,2,0,2,2,2,      391012701
2023,3911,50,1,0,10,2,1,1,      391105001
2023,3916,54,1,0,6,2,1,5,      391605401
2023,3916,89,1,1,10,2,1,8,      391608901
2023,3924,72,1,3,0,2,1,1,      392407201
2023,3943,44,1,8,0,2,1,3,      394304401
2023,3945,46,1,2,10,1,1,1,      394504601
2023,3945,46,1,2,10,2,2,2,      394504601
2023,3945,47,1,6,10,2,1,1,      394504701
2023,3948,9,1,3,9,1,1,1,      394800901
2023,3948,9,1,2,9,2,2,2,      394800901
2023,3948,19,1,0,8,2,1,2,      394801901
2023,3949,6,1,98,98,1,1,1,      394900601
2023,3949,6,1,98,98,2,2,2,      394900601
2023,3949,23,1,4,10,2,1,1,      394902301
2023,3949,34,1,7,10,1,1,1,      394903401
2023,3949,34,1,8,10,2,2,2,      394903401
2023,3950,26,1,6,9,2,1,1,      395002601
2023,3950,47,1,8,9,2,1,1,      395004701
2023,3950,49,1,5,9,2,1,2,      395004901
2023,3953,57,1,98,98,2,1,1,      395305701
2023,3955,38,1,98,6,2,1,1,      395503801
2023,3957,1,1,98,98,2,1,1,      395700101
2023,3957,5,1,8,11,2,1,1,      395700501
2023,3957,6,1,98,98,2,1,1,      395700601
2023,3957,126,1,4,9,1,1,1,      395712601
2023,3957,126,1,4,9,2,2,2,      395712601
2023,3959,19,1,8,1,1,1,1,      395901901
2023,3959,19,1,7,1,2,2,2,      395901901
2023,3959,70,1,0,2,2,1,4,      395907001
2023,3960,13,1,4,10,2,1,1,      396001301
2023,3961,90,1,8,9,2,1,1,      396109001
2023,3962,134,1,8,11,2,1,2,      396213401
2023,3964,1,1,0,2,2,1,1,      396400101
2023,3964,3,1,8,8,2,1,1,      396400301
2023,3964,5,1,5,8,2,1,2,      396400501
2023,3964,45,1,0,2,2,1,4,      396404501
2023,3965,94,1,8,11,2,1,1,      396509401
2023,3966,13,1,8,11,2,1,1,      396601301
2023,3966,37,1,8,11,2,1,1,      396603701
2023,3966,45,1,8,11,1,1,3,      396604501
2023,3966,45,1,8,11,2,2,4,      396604501
2023,3966,72,1,98,11,2,1,1,      396607201
2023,3967,16,1,3,0,2,1,6,      396701601
2023,3967,91,1,0,4,2,1,1,      396709101
2023,3968,94,1,1,0,2,1,2,      396809401
2023,3968,98,1,5,0,2,1,1,      396809801
2023,3973,91,1,7,10,2,1,6,      397309101
2023,3975,53,1,0,6,1,1,1,      397505301
2023,3975,53,1,6,0,2,2,2,      397505301
2023,3975,68,1,0,5,2,1,1,      397506801
2023,3975,95,1,2,11,2,1,3,      397509501
2023,3976,43,1,8,7,2,1,1,      397604301
2023,3976,111,1,0,4,2,1,1,      397611101
2023,3979,5,1,5,0,2,1,3,      397900501
2023,3979,7,1,98,98,2,1,1,      397900701
2023,3979,18,1,0,4,2,1,1,      397901801
2023,3980,32,1,0,6,2,1,2,      398003201
2023,3980,49,1,6,0,1,1,1,      398004901
2023,3980,49,1,6,0,2,2,2,      398004901
2023,3980,50,1,98,98,2,1,1,      398005001
2023,3980,52,1,6,0,2,1,1,      398005201
2023,3981,4,1,0,8,1,1,1,      398100401
2023,3981,4,1,1,2,2,2,2,      398100401
2023,3982,1,1,3,6,2,1,1,      398200101
2023,3982,49,1,98,98,2,1,7,      398204901
2023,3982,50,1,0,4,2,1,2,      398205001
2023,3982,90,1,1,0,2,1,1,      398209001
2023,3983,12,1,1,0,2,1,1,      398301201
2023,3983,41,1,98,98,1,1,1,      398304101
2023,3983,41,1,1,0,2,2,2,      398304101
2023,3985,16,1,1,0,2,1,5,      398501601
2023,3985,34,1,4,0,2,1,1,      398503401
2023,3985,36,1,1,11,1,1,1,      398503601
2023,3985,36,1,1,0,2,2,5,      398503601
2023,3986,94,1,8,8,2,1,5,      398609401
2023,3987,124,1,5,7,2,1,7,      398712401
2023,4008,154,1,4,4,2,1,1,      400815401
2023,4011,125,1,5,10,2,1,1,      401112501
2023,4020,92,1,7,5,2,1,5,      402009201
2023,4023,6,1,2,8,1,1,1,      402300601
2023,4023,6,1,3,9,2,2,2,      402300601
2023,4023,57,1,2,9,1,1,1,      402305701
2023,4023,57,1,4,9,2,2,2,      402305701
2023,4023,78,1,2,9,2,1,1,      402307801
2023,4023,92,1,6,9,2,1,1,      402309201
2023,4024,27,1,5,0,2,1,1,      402402701
2023,4025,77,1,6,2,2,1,1,      402507701
2023,4025,117,1,2,0,2,1,1,      402511701
2023,4027,152,1,4,10,2,1,1,      402715201
2023,4029,98,1,5,0,2,1,1,      402909801
2023,4045,28,1,7,0,2,1,1,      404502801
2023,4045,30,1,5,0,2,1,9,      404503001
2023,4045,31,1,4,0,2,1,1,      404503101
2023,4045,71,1,8,0,1,1,1,      404507101
2023,4045,71,1,2,0,2,2,2,      404507101
2023,4045,74,1,4,0,1,1,1,      404507401
2023,4045,74,1,5,0,2,2,2,      404507401
2023,4046,43,1,1,98,2,1,6,      404604301
2023,4046,49,1,7,98,1,1,1,      404604901
2023,4046,49,1,1,6,2,2,2,      404604901
2023,4046,56,1,0,3,2,1,1,      404605601
2023,4046,84,1,4,98,2,1,1,      404608401
2023,4046,95,1,0,6,2,1,1,      404609501
2023,4047,65,1,3,8,1,1,1,      404706501
2023,4047,65,1,3,6,2,2,2,      404706501
2023,4047,108,1,4,0,2,1,4,      404710801
2023,4050,54,1,2,5,2,1,1,      405005401
2023,4059,108,1,1,0,2,1,8,      405910801
2023,4059,116,1,3,0,2,1,2,      405911601
2023,4062,41,1,0,5,2,1,5,      406204101
2023,4066,45,1,0,6,2,1,1,      406604501
2023,4074,100,1,3,0,1,1,1,      407410001
2023,4074,100,1,3,0,2,2,2,      407410001
2023,4084,8,1,0,3,2,1,1,      408400801
2023,4119,122,1,5,9,2,1,5,      411912201
2023,4126,111,1,3,9,2,1,3,      412611101
2023,4126,133,1,3,8,2,1,7,      412613301
2023,4140,52,1,1,10,2,1,1,      414005201
2023,4146,4,1,8,3,2,1,2,      414600401
2023,4150,122,1,2,7,2,1,2,      415012201
2023,4153,98,1,1,9,2,1,2,      415309801
2023,4153,103,1,4,0,2,1,4,      415310301
2023,4154,33,1,8,3,1,1,1,      415403301
2023,4154,33,1,4,3,2,2,2,      415403301
2023,4156,35,1,2,0,1,1,1,      415603501
2023,4156,35,1,0,8,2,2,2,      415603501
2023,4156,38,1,2,4,2,1,7,      415603801
2023,4157,78,1,0,6,2,1,1,      415707801
2023,4157,79,1,2,5,2,1,1,      415707901
2023,4157,120,1,1,2,2,1,1,      415712001
2023,4159,2,1,0,8,2,1,1,      415900201
2023,4160,100,1,5,3,2,1,2,      416010001
2023,4161,217,1,8,10,2,1,1,      416121701
2023,4162,40,1,0,4,2,1,1,      416204001
2023,4178,14,1,0,4,2,1,1,      417801401
2023,4180,1,1,3,2,2,1,9,      418000101
2023,4184,38,1,1,6,2,1,6,      418403801
2023,4192,61,1,5,9,2,1,5,      419206101
2023,4199,1,1,8,11,1,1,1,      419900101
2023,4199,1,1,8,11,2,2,2,      419900101
2023,4199,4,1,2,0,1,1,1,      419900401
2023,4199,4,1,3,0,2,2,2,      419900401
2023,4199,6,1,1,11,2,1,1,      419900601
2023,4199,8,1,1,11,2,1,2,      419900801
2023,4199,51,1,1,3,1,1,1,      419905101
2023,4199,51,1,0,3,2,2,2,      419905101
2023,4199,55,1,4,3,2,1,1,      419905501
2023,4202,5,1,1,7,2,1,1,      420200501
2023,4202,67,1,1,6,1,1,1,      420206701
2023,4202,67,1,1,6,2,2,2,      420206701
2023,4214,42,1,2,7,2,1,1,      421404201
2023,4216,3,1,0,5,2,1,2,      421600301
2023,4216,35,1,8,8,2,1,1,      421603501
2023,4216,80,1,4,9,1,1,1,      421608001
2023,4216,80,1,2,9,2,2,2,      421608001
2023,4217,5,1,2,11,2,1,1,      421700501
2023,4217,6,1,8,5,2,1,1,      421700601
2023,4217,16,1,4,11,2,1,1,      421701601
2023,4220,60,1,8,5,2,1,1,      422006001
2023,4220,61,1,0,10,2,1,2,      422006101
2023,4221,16,1,2,6,2,1,1,      422101601
2023,4221,18,1,0,6,2,1,1,      422101801
2023,4221,54,1,6,9,2,1,1,      422105401
2023,4228,84,1,4,0,2,1,2,      422808401
2023,4229,8,1,0,8,2,1,1,      422900801
2023,4234,47,1,1,2,2,1,1,      423404701
2023,4235,50,1,3,0,2,1,1,      423505001
2023,4239,11,1,4,0,2,1,1,      423901101
2023,4239,12,1,3,0,2,1,1,      423901201
2023,4239,13,1,1,10,1,1,1,      423901301
2023,4239,13,1,1,10,2,2,2,      423901301
2023,4239,25,1,8,0,2,1,4,      423902501
2023,4241,46,1,3,0,1,1,1,      424104601
2023,4241,46,1,2,0,2,2,2,      424104601
2023,4241,48,1,1,0,2,1,1,      424104801
2023,4241,55,1,4,0,2,1,1,      424105501
2023,4241,56,1,1,0,1,1,1,      424105601
2023,4241,56,1,1,0,2,2,2,      424105601
2023,4251,108,1,3,3,2,1,1,      425110801
2023,4252,33,1,8,3,2,1,1,      425203301
2023,4253,25,1,6,9,2,1,1,      425302501
2023,4253,27,1,1,6,2,1,1,      425302701
2023,4253,57,1,8,11,2,1,1,      425305701
2023,4253,92,1,4,8,2,1,1,      425309201
2023,4254,13,1,0,2,2,1,1,      425401301
2023,4255,9,1,8,6,2,1,1,      425500901
2023,4255,13,1,8,11,2,1,1,      425501301
2023,4255,16,1,4,11,1,1,1,      425501601
2023,4255,16,1,6,11,2,2,2,      425501601
2023,4255,18,1,3,3,1,1,1,      425501801
2023,4255,18,1,3,3,2,2,2,      425501801
2023,4256,86,1,8,11,2,1,1,      425608601
2023,4256,111,1,4,11,1,1,1,      425611101
2023,4256,111,1,4,11,2,2,2,      425611101
2023,4257,19,1,8,10,2,1,1,      425701901
2023,4258,119,1,4,4,2,1,1,      425811901
2023,4258,122,1,5,4,2,1,1,      425812201
2023,4259,22,1,0,2,1,1,1,      425902201
2023,4259,22,1,0,2,2,2,2,      425902201
2023,4264,183,1,5,0,1,1,1,      426418301
2023,4264,183,1,5,0,2,2,2,      426418301
2023,4266,91,1,2,0,2,1,6,      426609101
2023,4267,39,1,8,6,2,1,1,      426703901
2023,4269,117,1,5,0,2,1,1,      426911701
2023,4270,35,1,8,11,2,1,5,      427003501
2023,4272,37,1,1,10,2,1,2,      427203701
2023,4274,43,1,4,0,2,1,1,      427404301
2023,4275,138,1,4,0,2,1,1,      427513801
2023,4277,82,1,1,3,2,1,1,      427708201
2023,4279,14,1,5,3,2,1,4,      427901401
2023,4298,25,1,5,7,2,1,2,      429802501
2023,4299,34,1,3,0,2,1,1,      429903401
2023,4310,36,1,1,0,2,1,2,      431003601
2023,4313,99,1,0,8,2,1,1,      431309901
2023,4320,56,1,0,4,2,1,1,      432005601
2023,4321,62,1,8,0,2,1,1,      432106201
2023,4321,64,1,3,4,2,1,1,      432106401
2023,4325,167,1,6,5,2,1,5,      432516701
2023,4327,57,1,4,5,2,1,6,      432705701
2023,4332,24,1,1,2,1,1,1,      433202401
2023,4332,24,1,4,2,2,2,2,      433202401
2023,4335,109,1,1,8,2,1,2,      433510901
2023,4336,54,1,0,11,2,1,6,      433605401
2023,4337,14,1,7,7,2,1,1,      433701401
2023,4338,62,1,1,0,2,1,2,      433806201
2023,4339,21,1,0,10,2,1,1,      433902101
2023,4340,127,1,5,8,2,1,6,      434012701
2023,4341,1,1,2,0,2,1,1,      434100101
2023,4346,84,1,0,6,2,1,1,      434608401
2023,4347,6,1,3,0,2,1,4,      434700601
2023,4351,79,1,4,0,2,1,1,      435107901
2023,4352,68,1,3,4,2,1,1,      435206801
2023,4354,124,1,0,4,2,1,1,      435412401
2023,4355,53,1,0,6,2,1,1,      435505301
2023,4355,123,1,4,4,2,1,1,      435512301
2023,4356,15,1,2,0,2,1,1,      435601501
2023,4356,89,1,3,0,1,1,1,      435608901
2023,4356,89,1,3,0,2,2,2,      435608901
2023,4357,30,1,8,4,2,1,1,      435703001
2023,4358,69,1,2,2,2,1,1,      435806901
2023,4359,13,1,3,0,2,1,1,      435901301
2023,4359,60,1,2,0,2,1,1,      435906001
2023,4360,52,1,2,3,1,1,4,      436005201
2023,4360,52,1,2,3,2,2,5,      436005201
2023,4361,74,1,5,1,1,1,1,      436107401
2023,4361,74,1,5,1,2,2,2,      436107401
2023,4362,15,1,1,2,2,1,1,      436201501
2023,4363,7,1,5,4,2,1,2,      436300701
2023,4363,11,1,0,4,2,1,1,      436301101
2023,4363,18,1,7,4,2,1,3,      436301801
2023,4363,36,1,8,4,1,1,1,      436303601
2023,4363,36,1,8,4,2,2,2,      436303601
2023,4366,8,1,0,9,2,1,8,      436600801
2023,4370,68,1,0,6,2,1,1,      437006801
2023,4373,116,1,3,0,2,1,5,      437311601
2023,4376,14,1,0,2,1,1,1,      437601401
2023,4376,14,1,0,2,2,2,2,      437601401
2023,4376,36,1,8,1,2,1,5,      437603601
2023,4377,10,1,6,0,2,1,2,      437701001
2023,4377,22,1,1,0,2,1,2,      437702201
2023,4377,49,1,1,0,1,1,1,      437704901
2023,4377,49,1,8,0,2,2,2,      437704901
2023,4379,3,1,4,4,2,1,1,      437900301
2023,4379,5,1,1,2,1,1,1,      437900501
2023,4379,5,1,4,4,2,2,6,      437900501
2023,4379,11,1,2,0,1,1,1,      437901101
2023,4379,11,1,0,8,2,2,2,      437901101
2023,4379,13,1,2,0,2,1,1,      437901301
2023,4379,14,1,7,4,2,1,1,      437901401
2023,4379,21,1,4,4,2,1,1,      437902101
2023,4379,23,1,6,4,1,1,1,      437902301
2023,4379,23,1,6,4,2,2,2,      437902301
2023,4379,25,1,2,4,1,1,1,      437902501
2023,4379,25,1,1,4,2,2,2,      437902501
2023,4380,112,1,6,1,2,1,4,      438011201
2023,4382,4,1,4,0,2,1,3,      438200401
2023,4382,16,1,0,7,2,1,1,      438201601
2023,4386,26,1,6,0,2,1,3,      438602601
2023,4388,20,1,2,0,2,1,2,      438802001
2023,4389,47,1,5,1,2,1,1,      438904701
2023,4391,24,1,6,0,2,1,2,      439102401
2023,4391,64,1,3,0,1,1,1,      439106401
2023,4391,64,1,2,0,2,2,2,      439106401
2023,4391,65,1,8,11,2,1,1,      439106501
2023,4391,66,1,8,0,1,1,1,      439106601
2023,4391,66,1,8,0,2,2,2,      439106601
2023,4391,89,1,5,0,2,1,9,      439108901
2023,4391,91,1,3,0,1,1,1,      439109101
2023,4391,91,1,1,0,2,2,2,      439109101
2023,4392,38,1,0,3,2,1,1,      439203801
2023,4393,52,1,1,6,1,1,1,      439305201
2023,4393,52,1,1,6,2,2,2,      439305201
2023,4393,130,1,4,8,2,1,5,      439313001
2023,4394,11,1,4,0,2,1,1,      439401101
2023,4394,12,1,5,0,2,1,1,      439401201
2023,4394,150,1,8,0,2,1,1,      439415001
2023,4395,15,1,0,6,2,1,1,      439501501
2023,4395,56,1,2,0,2,1,3,      439505601
2023,4395,61,1,0,4,2,1,1,      439506101
2023,4396,20,1,5,7,2,1,1,      439602001
2023,4396,71,1,5,0,2,1,1,      439607101
2023,4398,4,1,4,0,2,1,5,      439800401
2023,4398,58,1,8,0,2,1,1,      439805801
2023,4402,50,1,0,3,2,1,5,      440205001
2023,4418,71,1,1,3,1,1,1,      441807101
2023,4418,71,1,0,3,2,2,2,      441807101
2023,4420,16,1,5,3,2,1,1,      442001601
2023,4420,17,1,4,4,1,1,1,      442001701
2023,4420,17,1,4,4,2,2,2,      442001701
2023,4420,18,1,2,2,1,1,1,      442001801
2023,4420,18,1,2,2,2,2,2,      442001801
2023,4420,64,1,2,0,2,1,1,      442006401
2023,4420,67,1,7,1,2,1,1,      442006701
2023,4430,57,1,2,0,2,1,1,      443005701
2023,4434,8,1,5,0,2,1,3,      443400801
2023,4434,41,1,1,6,2,1,1,      443404101
2023,4434,43,1,8,0,1,1,1,      443404301
2023,4434,43,1,8,0,2,2,2,      443404301
2023,4434,59,1,6,0,2,1,1,      443405901
2023,4435,7,1,6,1,1,1,1,      443500701
2023,4435,7,1,6,1,2,2,2,      443500701
2023,4435,10,1,1,0,2,1,1,      443501001
2023,4435,12,1,4,0,1,1,1,      443501201
2023,4435,12,1,4,0,2,2,2,      443501201
2023,4435,15,1,1,0,2,1,2,      443501501
2023,4436,2,1,2,3,2,1,3,      443600201
2023,4436,3,1,8,0,2,1,1,      443600301
2023,4437,22,1,4,4,1,1,4,      443702201
2023,4437,22,1,4,4,2,2,5,      443702201
2023,4437,30,1,2,4,2,1,1,      443703001
2023,4437,39,1,5,4,2,1,5,      443703901
2023,4437,45,1,3,4,2,1,2,      443704501
2023,4437,50,1,98,4,2,1,1,      443705001
2023,4437,62,1,0,2,2,1,2,      443706201
2023,4437,67,1,8,4,2,1,1,      443706701
2023,4438,12,1,8,4,1,1,1,      443801201
2023,4438,12,1,7,4,2,2,2,      443801201
2023,4438,15,1,4,4,2,1,1,      443801501
2023,4438,26,1,8,4,2,1,1,      443802601
2023,4438,45,1,98,98,2,1,1,      443804501
2023,4439,11,1,0,1,2,1,7,      443901101
2023,4439,22,1,7,0,2,1,1,      443902201
2023,4439,30,1,4,0,1,1,1,      443903001
2023,4439,30,1,1,0,2,2,2,      443903001
2023,4439,46,1,3,0,2,1,1,      443904601
2023,4439,55,1,8,0,1,1,1,      443905501
2023,4439,55,1,8,0,2,2,2,      443905501
2023,4439,57,1,0,6,2,1,1,      443905701
2023,4439,62,1,8,0,2,1,1,      443906201
2023,4440,36,1,2,0,1,1,1,      444003601
2023,4440,36,1,0,6,2,2,2,      444003601
2023,4440,53,1,0,3,2,1,1,      444005301
2023,4440,70,1,8,0,2,1,2,      444007001
2023,4440,74,1,5,0,2,1,1,      444007401
2023,4441,14,1,4,0,2,1,1,      444101401
2023,4441,27,1,6,5,2,1,1,      444102701
2023,4443,71,1,1,6,2,1,1,      444307101
2023,4445,111,1,1,0,2,1,3,      444511101
2023,4447,58,1,0,1,2,1,3,      444705801
2023,4447,89,1,8,0,2,1,4,      444708901
2023,4449,1,1,3,0,2,1,2,      444900101
2023,4450,113,1,8,9,1,1,1,      445011301
2023,4450,113,1,8,1,2,2,2,      445011301
2023,4452,93,1,2,11,2,1,1,      445209301
2023,4454,103,1,6,0,1,1,1,      445410301
2023,4454,103,1,3,0,2,2,2,      445410301
2023,4455,1,1,4,0,2,1,6,      445500101
2023,4455,85,1,2,11,2,1,6,      445508501
2023,4455,89,1,5,0,1,1,1,      445508901
2023,4455,89,1,4,0,2,2,2,      445508901
2023,4456,29,1,7,1,2,1,1,      445602901
2023,4456,116,1,1,0,2,1,1,      445611601
2023,4456,117,1,0,2,2,1,1,      445611701
2023,4457,10,1,0,6,2,1,2,      445701001
2023,4457,13,1,8,2,2,1,1,      445701301
2023,4457,111,1,4,0,2,1,1,      445711101
2023,4459,89,1,3,3,2,1,2,      445908901
2023,4459,99,1,5,4,2,1,1,      445909901
2023,4470,38,1,0,1,2,1,11,      447003801
2023,4486,17,1,1,6,2,1,6,      448601701
2023,4486,102,1,0,2,2,1,5,      448610201
2023,4490,47,1,0,2,2,1,1,      449004701
2023,4491,6,1,0,3,2,1,5,      449100601
2023,4493,9,1,2,6,2,1,5,      449300901
2023,4495,77,1,4,0,1,1,1,      449507701
2023,4495,77,1,4,0,2,2,2,      449507701
2023,4495,80,1,98,98,2,1,1,      449508001
2023,4498,12,1,2,0,2,1,1,      449801201
2023,4499,1,1,2,3,2,1,1,      449900101
2023,4502,40,1,5,0,1,1,1,      450204001
2023,4502,40,1,6,0,2,2,2,      450204001
2023,4503,140,1,3,0,2,1,1,      450314001
2023,4503,141,1,5,0,2,1,1,      450314101
2023,4504,30,1,2,0,1,1,1,      450403001
2023,4504,30,1,1,6,2,2,2,      450403001
2023,4504,59,1,8,0,2,1,1,      450405901
2023,4505,1,1,5,1,2,1,1,      450500101
2023,4505,112,1,4,0,1,1,1,      450511201
2023,4505,112,1,0,2,2,2,2,      450511201
2023,4506,16,1,1,1,2,1,1,      450601601
2023,4507,32,1,98,98,2,1,1,      450703201
2023,4508,20,1,0,2,2,1,1,      450802001
2023,4508,59,1,0,1,2,1,1,      450805901
2023,4509,55,1,2,0,2,1,1,      450905501
2023,4510,67,1,7,5,2,1,1,      451006701
2023,4511,6,1,6,3,2,1,1,      451100601
2023,4511,69,1,6,0,2,1,1,      451106901
2023,4511,70,1,1,6,2,1,1,      451107001
2023,4511,84,1,0,4,2,1,1,      451108401
2023,4512,115,1,8,3,1,1,1,      451211501
2023,4512,115,1,6,3,2,2,2,      451211501
2023,4513,16,1,4,2,2,1,4,      451301601
2023,4513,31,1,8,0,2,1,4,      451303101
2023,4517,9,1,1,4,2,1,1,      451700901
2023,4520,20,1,8,4,1,1,1,      452002001
2023,4520,20,1,8,4,2,2,2,      452002001
2023,4522,120,1,2,5,2,1,1,      452212001
2023,4523,42,1,0,5,2,1,1,      452304201
2023,4524,29,1,3,9,2,1,1,      452402901
2023,4524,66,1,7,0,2,1,1,      452406601
2023,4524,152,1,5,2,2,1,1,      452415201
2023,4525,21,1,4,5,2,1,1,      452502101
2023,4525,52,1,8,4,1,1,1,      452505201
2023,4525,52,1,8,4,2,2,2,      452505201
2023,4526,138,1,5,0,1,1,1,      452613801
2023,4526,138,1,5,0,2,2,2,      452613801
2023,4526,139,1,3,4,2,1,1,      452613901
2023,4527,20,1,8,3,2,1,6,      452702001
2023,4528,69,1,3,9,2,1,4,      452806901
2023,4528,109,1,3,3,1,1,1,      452810901
2023,4528,109,1,2,3,2,2,2,      452810901
2023,4529,8,1,5,0,2,1,2,      452900801
2023,4529,104,1,0,4,2,1,1,      452910401
2023,4530,58,1,3,5,2,1,1,      453005801
2023,4530,77,1,1,5,2,1,2,      453007701
2023,4531,99,1,4,3,2,1,7,      453109901
2023,4533,44,1,8,2,2,1,1,      453304401
2023,4534,18,1,1,1,1,1,1,      453401801
2023,4534,18,1,1,1,2,2,2,      453401801
2023,4544,5,1,2,4,2,1,5,      454400501
2023,4547,146,1,2,1,2,1,1,      454714601
2023,4552,78,1,1,1,2,1,6,      455207801
2023,4557,76,1,8,5,2,1,6,      455707601
2023,4559,71,1,0,6,2,1,1,      455907101
2023,4563,52,1,8,3,2,1,1,      456305201
2023,4571,152,1,2,1,2,1,4,      457115201
2023,4571,155,1,6,6,2,1,1,      457115501
2023,4572,6,1,5,1,2,1,1,      457200601
2023,4573,51,1,0,2,2,1,4,      457305101
2023,4574,52,1,3,1,2,1,5,      457405201
2023,4579,122,1,5,0,2,1,1,      457912201
2023,4581,146,1,2,0,2,1,3,      458114601
2023,4582,4,1,0,2,1,1,1,      458200401
2023,4582,4,1,0,3,2,2,2,      458200401
2023,4582,58,1,3,0,2,1,5,      458205801
2023,4585,61,1,3,0,2,1,1,      458506101
2023,4590,8,1,5,0,2,1,5,      459000801
2023,4592,66,1,5,0,1,1,1,      459206601
2023,4592,66,1,5,0,2,2,2,      459206601
2023,4593,54,1,0,4,2,1,1,      459305401
2023,4593,60,1,7,0,2,1,6,      459306001
2023,4593,87,1,4,3,2,1,6,      459308701
2023,4602,129,1,2,0,2,1,1,      460212901
2023,4607,7,1,4,4,1,1,1,      460700701
2023,4607,7,1,7,1,2,2,3,      460700701
2023,4611,60,1,5,2,2,1,5,      461106001
2023,4611,62,1,4,0,1,1,1,      461106201
2023,4611,62,1,4,0,2,2,2,      461106201
2023,4634,132,1,8,5,2,1,1,      463413201
2023,4666,33,1,3,3,2,1,2,      466603301
2023,4670,23,2,8,2,2,1,1,      467002302
2023,4670,60,1,4,1,2,1,8,      467006001
2023,4685,40,1,7,0,2,1,1,      468504001
2023,4686,32,1,7,2,2,1,5,      468603201
2023,4686,51,1,3,0,2,1,1,      468605101
2023,4688,95,1,1,1,2,1,1,      468809501
2023,4689,19,1,1,0,2,1,1,      468901901
2023,4695,142,1,0,5,2,1,9,      469514201
2023,4695,183,1,0,5,2,1,1,      469518301
2023,4699,42,1,2,2,2,1,1,      469904201
2023,4699,133,1,4,2,2,1,1,      469913301
2023,4700,1,1,5,10,2,1,2,      470000101
2023,4700,19,1,1,4,2,1,1,      470001901
2023,4700,47,1,2,4,2,1,9,      470004701
2023,4700,53,1,7,1,2,1,2,      470005301
2023,4700,135,1,4,4,2,1,1,      470013501
2023,4702,37,1,1,1,2,1,4,      470203701
2023,4703,121,1,0,3,2,1,1,      470312101
2023,4704,116,1,5,3,2,1,6,      470411601
2023,4705,2,1,5,6,2,1,1,      470500201
2023,4706,40,1,7,5,2,1,5,      470604001
2023,4707,15,1,2,1,2,1,1,      470701501
2023,4707,18,1,5,1,2,1,2,      470701801
2023,4707,40,1,4,1,2,1,1,      470704001
2023,4707,95,1,8,1,2,1,6,      470709501
2023,4707,96,1,1,0,2,1,1,      470709601
2023,4707,99,1,5,1,1,1,1,      470709901
2023,4707,99,1,4,1,2,2,2,      470709901
2023,4708,39,1,3,9,2,1,1,      470803901
2023,4708,88,1,8,4,2,1,1,      470808801
2023,4708,89,1,4,4,2,1,1,      470808901
2023,4708,90,1,1,4,2,1,2,      470809001
2023,4709,18,1,1,3,1,1,1,      470901801
2023,4709,18,1,1,3,2,2,2,      470901801
2023,4715,4,1,3,2,2,1,9,      471500401
2023,4725,44,1,3,98,2,1,5,      472504401
2023,4725,45,1,3,1,2,1,7,      472504501
2023,4726,14,1,0,2,2,1,2,      472601401
2023,4727,69,1,0,2,2,1,2,      472706901
2023,4732,98,1,8,0,2,1,3,      473209801
2023,4734,17,1,1,98,2,1,4,      473401701
2023,4745,1,1,1,0,2,1,1,      474500101
2023,4745,8,1,2,0,2,1,1,      474500801
2023,4745,14,1,8,2,1,1,1,      474501401
2023,4745,14,1,8,2,2,2,2,      474501401
2023,4745,17,1,1,1,2,1,1,      474501701
2023,4745,30,1,1,2,1,1,1,      474503001
2023,4745,30,1,1,2,2,2,2,      474503001
2023,4745,41,1,2,1,1,1,1,      474504101
2023,4745,41,1,1,1,2,2,2,      474504101
2023,4746,1,1,1,3,1,1,1,      474600101
2023,4746,1,1,1,3,2,2,2,      474600101
2023,4746,15,1,5,1,2,1,1,      474601501
2023,4746,30,1,5,4,1,1,1,      474603001
2023,4746,30,1,5,4,2,2,2,      474603001
2023,4746,43,1,1,4,2,1,1,      474604301
2023,4751,39,1,5,3,2,1,2,      475103901
2023,4759,69,1,5,4,2,1,1,      475906901
2023,4763,54,1,2,2,2,1,1,      476305401
2023,4763,84,1,1,6,2,1,5,      476308401
2023,4763,123,1,6,2,2,1,8,      476312301
2023,4774,147,1,4,3,2,1,1,      477414701
2023,4774,149,1,1,3,2,1,6,      477414901
2023,4776,32,1,2,1,2,1,1,      477603201
2023,4777,61,1,0,6,2,1,2,      477706101
2023,4779,71,1,2,0,2,1,1,      477907101
2023,4784,3,1,2,0,1,1,1,      478400301
2023,4784,3,1,1,6,2,2,2,      478400301
2023,4784,5,1,8,3,1,1,1,      478400501
2023,4784,5,1,8,3,2,2,2,      478400501
2023,4785,15,1,6,2,1,1,1,      478501501
2023,4785,15,1,4,2,2,2,2,      478501501
2023,4786,9,1,3,0,1,1,1,      478600901
2023,4786,9,1,0,2,2,2,2,      478600901
2023,4786,78,1,6,0,1,1,1,      478607801
2023,4786,78,1,5,0,2,2,2,      478607801
2023,4786,79,1,8,0,1,1,1,      478607901
2023,4786,79,1,8,0,2,2,2,      478607901
2023,4786,80,1,4,0,2,1,1,      478608001
2023,4790,9,1,3,0,2,1,1,      479000901
2023,4790,49,1,4,0,2,1,4,      479004901
2023,4792,57,1,4,4,2,1,6,      479205701
2023,4795,14,1,3,0,2,1,1,      479501401
2023,4795,18,1,8,3,2,1,1,      479501801
2023,4796,70,1,0,8,2,1,1,      479607001
2023,4797,85,1,6,0,2,1,4,      479708501
2023,4797,87,1,7,0,2,1,1,      479708701
2023,4799,1,1,4,0,2,1,1,      479900101
2023,4799,69,1,8,0,2,1,1,      479906901
2023,4800,35,1,2,6,2,1,1,      480003501
2023,4800,39,1,7,2,2,1,3,      480003901
2023,4800,62,1,3,0,2,1,1,      480006201
2023,4801,5,1,2,4,2,1,1,      480100501
2023,4802,55,1,98,5,1,1,1,      480205501
2023,4802,55,1,5,5,2,2,2,      480205501
2023,4802,56,1,98,3,2,1,1,      480205601
2023,4802,75,1,2,3,2,1,1,      480207501
2023,4802,77,1,98,3,2,1,1,      480207701
2023,4802,120,1,3,6,1,1,1,      480212001
2023,4802,120,1,98,6,2,2,2,      480212001
2023,4802,124,1,7,6,1,1,1,      480212401
2023,4802,124,1,98,6,2,2,2,      480212401
2023,4803,7,1,4,0,1,1,1,      480300701
2023,4803,7,1,2,0,2,2,2,      480300701
2023,4804,54,1,3,1,2,1,1,      480405401
2023,4805,3,1,7,0,2,1,1,      480500301
2023,4808,23,1,1,3,2,1,1,      480802301
2023,4808,101,1,0,3,1,1,1,      480810101
2023,4808,101,1,0,3,2,2,2,      480810101
2023,4815,87,1,8,0,2,1,1,      481508701
2023,4818,27,1,5,9,2,1,1,      481802701
2023,4819,53,1,4,8,2,1,6,      481905301
2023,4819,110,1,0,7,2,1,1,      481911001
2023,4821,30,1,5,6,1,1,6,      482103001
2023,4821,30,1,5,6,2,2,7,      482103001
2023,4844,33,1,5,5,2,1,3,      484403301
2023,4848,44,1,4,3,2,1,1,      484804401
2023,4855,51,1,3,0,2,1,1,      485505101
2023,4858,60,1,0,2,1,1,1,      485806001
2023,4858,60,1,0,2,2,2,2,      485806001
2023,4858,79,1,8,0,2,1,1,      485807901
2023,4861,131,1,2,98,2,1,1,      486113101
2023,4865,124,1,7,0,2,1,1,      486512401
2023,4865,126,1,0,4,1,1,1,      486512601
2023,4865,126,1,0,4,2,2,2,      486512601
2023,4870,119,1,1,6,2,1,1,      487011901
2023,4871,84,1,6,2,2,1,1,      487108401
2023,4873,64,1,3,3,2,1,1,      487306401
2023,4873,132,1,2,3,2,1,1,      487313201
2023,4880,69,1,0,4,2,1,1,      488006901
2023,4881,21,1,2,3,1,1,1,      488102101
2023,4881,21,1,3,3,2,2,5,      488102101
2023,4881,78,1,6,2,2,1,1,      488107801
2023,4884,70,1,1,2,2,1,9,      488407001
2023,4885,12,1,1,1,1,1,1,      488501201
2023,4885,12,1,1,1,2,2,2,      488501201
2023,4885,49,1,4,4,2,1,1,      488504901
2023,4889,129,1,4,9,2,1,1,      488912901
2023,4896,159,1,6,8,2,1,1,      489615901
2023,4897,38,1,8,0,2,1,1,      489703801
2023,4897,75,1,7,0,2,1,1,      489707501
2023,4899,87,1,1,10,1,1,1,      489908701
2023,4899,87,1,0,4,2,2,2,      489908701
2023,4900,46,1,6,9,2,1,2,      490004601
2023,4902,140,1,7,6,2,1,3,      490214001
2023,4904,5,1,5,11,1,1,1,      490400501
2023,4904,5,1,4,11,2,2,2,      490400501
2023,4904,13,1,8,11,1,1,1,      490401301
2023,4904,13,1,1,11,2,2,2,      490401301
2023,4904,14,1,2,11,1,1,1,      490401401
2023,4904,14,1,1,11,2,2,2,      490401401
2023,4904,33,1,0,2,1,1,1,      490403301
2023,4904,33,1,1,11,2,2,2,      490403301
2023,4913,122,1,98,11,2,1,5,      491312201
2023,4913,124,1,3,11,1,1,1,      491312401
2023,4913,124,1,3,11,2,2,2,      491312401
2023,4915,72,1,98,98,2,1,1,      491507201
2023,4916,58,1,2,9,2,1,2,      491605801
2023,4916,63,1,3,8,2,1,1,      491606301
2023,4917,27,1,2,0,2,1,1,      491702701
2023,4917,30,1,5,0,2,1,2,      491703001
2023,4917,50,1,2,0,2,1,2,      491705001
2023,4917,54,1,3,0,1,1,1,      491705401
2023,4917,54,1,2,0,2,2,2,      491705401
2023,4918,35,1,0,2,2,1,1,      491803501
2023,4918,36,1,8,0,1,1,1,      491803601
2023,4918,36,1,3,0,2,2,2,      491803601
2023,4918,87,1,6,98,2,1,1,      491808701
2023,4918,88,1,3,0,1,1,1,      491808801
2023,4918,88,1,1,0,2,2,2,      491808801
2023,4918,89,1,3,98,2,1,1,      491808901
2023,4919,40,1,5,11,2,1,1,      491904001
2023,4919,45,1,4,10,2,1,2,      491904501
2023,4919,47,1,5,11,2,1,1,      491904701
2023,4920,13,1,6,11,1,1,1,      492001301
2023,4920,13,1,3,11,2,2,2,      492001301
2023,4920,85,1,7,11,2,1,2,      492008501
2023,4920,88,1,2,0,2,1,1,      492008801
2023,4921,34,1,1,2,2,1,6,      492103401
2023,4921,60,1,8,9,2,1,5,      492106001
2023,4921,105,1,2,10,2,1,6,      492110501
2023,4923,21,1,2,9,2,1,1,      492302101
2023,4924,30,1,4,0,2,1,6,      492403001
2023,4927,11,1,8,0,2,1,4,      492701101
2023,4930,91,1,6,11,2,1,6,      493009101
2023,4930,93,1,8,6,2,1,7,      493009301
2023,4930,127,1,8,0,2,1,1,      493012701
2023,4931,118,1,8,0,2,1,5,      493111801
2023,4932,18,1,2,0,1,1,1,      493201801
2023,4932,18,1,0,6,2,2,2,      493201801
2023,4932,27,1,2,8,2,1,6,      493202701
2023,4933,76,1,1,10,2,1,1,      493307601
2023,4933,96,1,4,0,2,1,5,      493309601
2023,4934,69,1,0,3,2,1,1,      493406901
2023,4935,15,1,3,4,2,1,1,      493501501
2023,4935,22,1,3,6,2,1,1,      493502201
2023,4935,23,1,2,0,2,1,2,      493502301
2023,4936,42,1,3,8,1,1,1,      493604201
2023,4936,42,1,3,8,2,2,2,      493604201
2023,4936,43,1,5,0,2,1,2,      493604301
2023,4936,44,1,8,8,1,1,1,      493604401
2023,4936,44,1,8,8,2,2,2,      493604401
2023,4936,45,1,4,0,2,1,5,      493604501
2023,4936,64,1,0,2,1,1,1,      493606401
2023,4936,64,1,0,1,2,2,2,      493606401
2023,4937,11,1,8,10,2,1,1,      493701101
2023,4937,15,1,0,8,2,1,1,      493701501
2023,4937,145,1,6,0,1,1,1,      493714501
2023,4937,145,1,0,4,2,2,2,      493714501
2023,4938,50,1,0,6,2,1,1,      493805001
2023,4938,55,1,4,0,2,1,1,      493805501
2023,4939,78,1,7,7,2,1,1,      493907801
2023,4940,94,1,0,2,1,1,1,      494009401
2023,4940,94,1,2,0,2,2,2,      494009401
2023,4940,97,1,2,98,1,1,1,      494009701
2023,4940,97,1,2,98,2,2,2,      494009701
2023,4958,76,1,7,10,2,1,3,      495807601
2023,4959,92,1,1,4,2,1,1,      495909201
2023,4960,72,1,5,9,1,1,1,      496007201
2023,4960,72,1,3,9,2,2,2,      496007201
2023,4960,75,1,1,0,2,1,1,      496007501
2023,4963,61,1,2,2,2,1,1,      496306101
2023,4967,25,1,0,6,2,1,4,      496702501
2023,4968,19,1,0,4,2,1,1,      496801901
2023,4970,61,1,8,0,2,1,1,      497006101
2023,4970,68,1,0,6,2,1,5,      497006801
2023,4971,52,1,2,0,2,1,3,      497105201
2023,4975,13,1,1,6,2,1,1,      497501301
2023,4975,35,1,8,6,1,1,1,      497503501
2023,4975,35,1,5,6,2,2,2,      497503501
2023,4975,61,1,0,6,2,1,1,      497506101
2023,4976,2,1,98,6,2,1,1,      497600201
2023,4976,5,1,5,6,1,1,1,      497600501
2023,4976,5,1,6,6,2,2,2,      497600501
2023,4976,8,1,8,6,1,1,1,      497600801
2023,4976,8,1,8,6,2,2,2,      497600801
2023,4977,38,1,6,0,2,1,2,      497703801
2023,4977,87,1,8,11,2,1,1,      497708701
2023,4978,1,1,1,0,1,1,1,      497800101
2023,4978,1,1,0,5,2,2,2,      497800101
2023,4980,46,1,0,3,1,1,1,      498004601
2023,4980,46,1,0,3,2,2,2,      498004601
2023,4980,68,1,0,2,2,1,1,      498006801
2023,4981,9,1,6,0,2,1,1,      498100901
2023,4981,10,1,7,0,2,1,1,      498101001
2023,4981,11,1,8,0,1,1,1,      498101101
2023,4981,11,1,8,0,2,2,2,      498101101
2023,4981,12,1,3,0,2,1,1,      498101201
2023,4985,80,1,4,1,2,1,9,      498508001
2023,4991,20,1,5,5,2,1,3,      499102001
2023,4991,52,1,7,2,1,1,1,      499105201
2023,4991,52,1,4,7,2,2,2,      499105201
2023,4992,73,1,0,3,2,1,1,      499207301
2023,4992,85,1,5,0,2,1,1,      499208501
2023,4993,76,1,6,6,2,1,1,      499307601
2023,4993,93,1,5,3,2,1,1,      499309301
2023,4994,17,1,8,0,2,1,2,      499401701
2023,4994,72,1,4,2,2,1,1,      499407201
2023,4995,9,1,3,5,2,1,2,      499500901
2023,4995,55,1,4,0,2,1,2,      499505501
2023,4995,59,1,4,6,2,1,1,      499505901
2023,4998,38,1,0,10,2,1,1,      499803801
2023,4998,102,1,5,4,2,1,1,      499810201
2023,4999,75,1,8,0,2,1,8,      499907501
2023,5013,60,1,6,4,2,1,1,      501306001
2023,5015,54,1,1,8,2,1,2,      501505401
2023,5020,60,1,1,11,2,1,1,      502006001
2023,5033,14,1,5,6,1,1,1,      503301401
2023,5033,14,1,3,6,2,2,2,      503301401
2023,5033,35,1,2,6,2,1,1,      503303501
2023,5033,39,1,7,4,2,1,1,      503303901
2023,5034,34,1,3,10,2,1,1,      503403401
2023,5034,51,1,5,10,2,1,1,      503405101
2023,5035,18,1,0,2,2,1,5,      503501801
2023,5036,85,1,2,11,2,1,1,      503608501
2023,5037,47,1,7,8,2,1,4,      503704701
2023,5038,29,1,4,9,2,1,1,      503802901
2023,5038,38,1,6,9,2,1,1,      503803801
2023,5038,41,1,1,9,2,1,1,      503804101
2023,5044,24,1,1,9,2,1,2,      504402401
2023,5044,26,1,8,9,2,1,1,      504402601
2023,5044,35,1,0,2,2,1,1,      504403501
2023,5044,43,1,0,9,2,1,1,      504404301
2023,5045,6,1,1,0,2,1,1,      504500601
2023,5046,8,1,3,7,2,1,5,      504600801
2023,5046,45,1,0,6,1,1,1,      504604501
2023,5046,45,1,0,6,2,2,2,      504604501
2023,5046,119,1,5,7,2,1,1,      504611901
2023,5046,123,1,0,4,2,1,1,      504612301
2023,5048,28,1,3,0,2,1,1,      504802801
2023,5048,95,1,5,0,2,1,1,      504809501
2023,5049,7,1,4,7,1,1,1,      504900701
2023,5049,7,1,3,7,2,2,2,      504900701
2023,5049,51,1,4,7,1,1,1,      504905101
2023,5049,51,1,3,7,2,2,2,      504905101
2023,5050,16,1,0,4,2,1,2,      505001601
2023,5050,18,1,4,11,2,1,2,      505001801
2023,5050,45,1,1,2,1,1,1,      505004501
2023,5050,45,1,2,11,2,2,2,      505004501
2023,5051,27,1,8,0,2,1,2,      505102701
2023,5051,74,1,8,0,1,1,1,      505107401
2023,5051,74,1,8,0,2,2,2,      505107401
2023,5051,76,1,5,0,2,1,3,      505107601
2023,5052,35,1,3,0,2,1,1,      505203501
2023,5052,41,1,3,8,2,1,1,      505204101
2023,5052,67,1,0,9,2,1,1,      505206701
2023,5052,87,1,3,0,2,1,1,      505208701
2023,5053,1,1,4,9,2,1,1,      505300101
2023,5053,4,1,0,9,2,1,1,      505300401
2023,5053,48,1,6,0,2,1,1,      505304801
2023,5053,66,1,0,6,2,1,2,      505306601
2023,5054,90,1,2,0,1,1,1,      505409001
2023,5054,90,1,3,0,2,2,2,      505409001
2023,5054,93,1,0,3,2,1,1,      505409301
2023,5054,117,1,0,2,2,1,2,      505411701
2023,5055,5,1,7,0,2,1,1,      505500501
2023,5055,45,1,3,0,2,1,1,      505504501
2023,5055,48,1,2,0,2,1,1,      505504801
2023,5064,117,1,1,0,2,1,1,      506411701
2023,5065,27,1,3,8,2,1,3,      506502701
2023,5065,39,1,1,8,2,1,1,      506503901
2023,5065,48,1,6,8,2,1,3,      506504801
2023,5066,84,1,98,98,2,1,1,      506608401
2023,5069,21,1,0,4,2,1,1,      506902101
2023,5071,71,1,0,6,2,1,4,      507107101
2023,5071,73,1,4,0,1,1,1,      507107301
2023,5071,73,1,4,0,2,2,2,      507107301
2023,5072,15,1,8,8,2,1,1,      507201501
2023,5072,17,1,4,8,2,1,1,      507201701
2023,5073,49,1,4,6,1,1,1,      507304901
2023,5073,49,1,4,6,2,2,2,      507304901
2023,5075,66,1,3,11,2,1,7,      507506601
2023,5076,28,1,1,7,2,1,4,      507602801
2023,5089,124,1,5,6,2,1,1,      508912401
2023,5095,76,1,0,4,2,1,6,      509507601
2023,5106,119,1,1,2,1,1,1,      510611901
2023,5106,119,1,3,4,2,2,2,      510611901
2023,5107,111,1,7,9,2,1,1,      510711101
2023,5111,20,1,3,0,2,1,1,      511102001
2023,5111,30,1,98,98,2,1,1,      511103001
2023,5111,63,1,3,6,2,1,1,      511106301
2023,5112,40,1,5,8,2,1,1,      511204001
2023,5115,60,1,4,0,1,1,1,      511506001
2023,5115,60,1,4,0,2,2,2,      511506001
2023,5115,68,1,5,8,2,1,1,      511506801
2023,5124,22,1,6,0,2,1,1,      512402201
2023,5124,53,1,3,0,2,1,1,      512405301
2023,5126,123,1,8,8,2,1,1,      512612301
2023,5128,29,1,3,0,2,1,3,      512802901
2023,5133,97,1,2,5,2,1,1,      513309701
2023,5134,1,1,6,1,1,1,1,      513400101
2023,5134,1,1,5,1,2,2,2,      513400101
2023,5134,4,1,4,0,2,1,1,      513400401
2023,5134,144,1,2,98,1,1,1,      513414401
2023,5134,144,1,0,8,2,2,2,      513414401
2023,5138,48,1,1,0,2,1,1,      513804801
2023,5144,13,1,4,6,2,1,1,      514401301
2023,5144,72,1,5,0,1,1,1,      514407201
2023,5144,72,1,5,5,2,2,2,      514407201
2023,5146,80,1,8,11,2,1,1,      514608001
2023,5148,143,1,0,11,2,1,1,      514814301
2023,5152,8,1,8,0,2,1,2,      515200801
2023,5152,132,1,3,0,2,1,1,      515213201
2023,5153,7,1,4,0,1,1,1,      515300701
2023,5153,7,1,4,0,2,2,2,      515300701
2023,5169,93,1,1,2,2,1,6,      516909301
2023,5174,114,1,7,0,1,1,1,      517411401
2023,5174,114,1,7,0,2,2,2,      517411401
2023,5197,107,1,2,4,2,1,7,      519710701
2023,5199,97,1,6,9,2,1,5,      519909701
2023,5208,72,1,1,6,2,1,1,      520807201
2023,5219,63,1,8,11,1,1,1,      521906301
2023,5219,63,1,8,11,2,2,2,      521906301
2023,5223,37,1,1,9,2,1,1,      522303701
2023,5227,30,1,2,9,2,1,8,      522703001
2023,5228,106,1,0,1,2,1,2,      522810601
2023,5229,43,1,8,0,2,1,1,      522904301
2023,5230,48,1,7,7,2,1,1,      523004801
2023,5232,62,1,0,11,2,1,1,      523206201
2023,5234,107,1,1,1,1,1,1,      523410701
2023,5234,107,1,1,1,2,2,2,      523410701
2023,5239,6,1,8,6,2,1,6,      523900601
2023,5240,146,1,3,3,2,1,1,      524014601
2023,5243,88,1,6,9,2,1,6,      524308801
2023,5244,15,1,4,6,2,1,1,      524401501
2023,5244,30,1,8,5,1,1,1,      524403001
2023,5244,30,1,0,2,2,2,2,      524403001
2023,5244,32,1,2,5,2,1,9,      524403201
2023,5246,3,1,4,5,2,1,1,      524600301
2023,5246,67,1,2,3,2,1,1,      524606701
2023,5248,15,1,1,2,2,1,6,      524801501
2023,5248,48,1,1,6,1,1,1,      524804801
2023,5248,48,1,4,6,2,2,2,      524804801
2023,5249,19,1,2,0,1,1,1,      524901901
2023,5249,19,1,1,0,2,2,2,      524901901
2023,5249,85,1,8,10,2,1,1,      524908501
2023,5250,58,1,3,0,2,1,8,      525005801
2023,5252,32,1,1,7,2,1,1,      525203201
2023,5269,37,1,1,2,2,1,1,      526903701
2023,5270,72,1,3,6,1,1,1,      527007201
2023,5270,72,1,3,6,2,2,2,      527007201
2023,5272,71,1,7,11,2,1,1,      527207101
2023,5288,38,1,3,10,2,1,2,      528803801
2023,5289,42,1,0,8,1,1,1,      528904201
2023,5289,42,1,1,8,2,2,2,      528904201
2023,5289,43,1,1,7,2,1,1,      528904301
2023,5289,52,1,4,7,2,1,1,      528905201
2023,5290,14,1,98,98,2,1,1,      529001401
2023,5290,23,1,3,8,1,1,1,      529002301
2023,5290,23,1,2,8,2,2,2,      529002301
2023,5290,46,1,2,8,2,1,1,      529004601
2023,5291,26,1,8,10,2,1,1,      529102601
2023,5294,18,1,1,0,2,1,1,      529401801
2023,5297,24,1,5,4,2,1,1,      529702401
2023,5299,73,1,1,10,2,1,5,      529907301
2023,5303,15,1,2,11,1,1,1,      530301501
2023,5303,15,1,3,11,2,2,2,      530301501
2023,5304,24,1,7,9,2,1,1,      530402401
2023,5304,35,1,5,5,2,1,1,      530403501
2023,5305,38,1,0,4,2,1,1,      530503801
2023,5306,107,1,5,9,2,1,2,      530610701
2023,5307,9,1,8,5,2,1,1,      530700901
2023,5307,31,1,4,8,2,1,1,      530703101
2023,5307,39,1,8,8,1,1,1,      530703901
2023,5307,39,1,7,8,2,2,2,      530703901
2023,5308,16,1,1,7,2,1,5,      530801601
2023,5308,102,1,0,6,2,1,1,      530810201
2023,5308,128,1,7,0,2,1,1,      530812801
2023,5312,56,1,3,0,2,1,9,      531205601
2023,5318,5,1,5,0,2,1,1,      531800501
2023,5318,98,1,8,0,1,1,1,      531809801
2023,5318,98,1,8,0,2,2,2,      531809801
2023,5319,118,1,0,3,2,1,1,      531911801
2023,5324,43,1,7,98,2,1,1,      532404301
2023,5329,45,1,4,9,1,1,1,      532904501
2023,5329,45,1,4,9,2,2,2,      532904501
2023,5339,10,1,8,1,2,1,1,      533901001
2023,5340,10,1,3,6,2,1,1,      534001001
2023,5340,24,1,5,1,2,1,1,      534002401
2023,5341,69,1,3,8,2,1,1,      534106901
2023,5341,70,1,1,4,2,1,2,      534107001
2023,5341,81,1,2,4,2,1,1,      534108101
2023,5342,35,1,8,1,1,1,1,      534203501
2023,5342,35,1,7,10,2,2,2,      534203501
2023,5342,38,1,1,3,2,1,1,      534203801
2023,5342,54,1,5,11,1,1,1,      534205401
2023,5342,54,1,8,11,2,2,2,      534205401
2023,5343,4,1,8,11,2,1,5,      534300401
2023,5344,8,1,8,7,2,1,2,      534400801
2023,5344,10,1,2,2,1,1,1,      534401001
2023,5344,10,1,3,2,2,2,2,      534401001
2023,5344,14,1,7,7,1,1,1,      534401401
2023,5344,14,1,5,7,2,2,2,      534401401
2023,5345,1,1,4,8,2,1,2,      534500101
2023,5346,17,1,5,5,2,1,1,      534601701
2023,5347,34,1,8,9,2,1,2,      534703401
2023,5347,40,1,8,6,2,1,1,      534704001
2023,5356,140,1,3,8,2,1,7,      535614001
2023,5358,46,1,0,6,2,1,1,      535804601
2023,5359,32,1,0,6,1,1,1,      535903201
2023,5359,32,1,0,6,2,2,2,      535903201
2023,5360,76,1,5,0,2,1,7,      536007601
2023,5369,48,1,0,3,2,1,1,      536904801
2023,5385,17,1,2,3,2,1,1,      538501701
2023,5385,30,1,2,2,2,1,1,      538503001
2023,5385,49,1,0,5,2,1,1,      538504901
2023,5387,109,1,1,5,2,1,1,      538710901
2023,5387,148,1,4,98,2,1,1,      538714801
2023,5389,58,1,6,4,2,1,3,      538905801
2023,5391,17,1,5,7,2,1,1,      539101701
2023,5401,16,1,5,4,1,1,1,      540101601
2023,5401,16,1,4,4,2,2,2,      540101601
2023,5402,48,1,6,5,2,1,1,      540204801
2023,5403,42,1,1,6,2,1,5,      540304201
2023,5403,76,1,7,11,2,1,1,      540307601
2023,5404,10,1,8,6,2,1,1,      540401001
2023,5404,106,1,4,6,2,1,1,      540410601
2023,5405,93,1,8,4,2,1,1,      540509301
2023,5406,32,1,5,0,2,1,1,      540603201
2023,5408,138,1,7,8,2,1,2,      540813801
2023,5411,46,1,3,0,2,1,5,      541104601
2023,5412,52,1,0,5,2,1,1,      541205201
2023,5418,72,1,4,5,1,1,1,      541807201
2023,5418,72,1,4,5,2,2,2,      541807201
2023,5419,25,1,1,0,2,1,4,      541902501
2023,5420,116,1,5,2,2,1,7,      542011601
2023,5422,152,1,7,10,2,1,1,      542215201
2023,5423,6,1,1,8,2,1,2,      542300601
2023,5427,49,1,6,6,1,1,1,      542704901
2023,5427,49,1,5,6,2,2,2,      542704901
2023,5427,88,1,3,0,2,1,2,      542708801
2023,5429,3,1,1,9,2,1,1,      542900301
2023,5429,19,1,3,7,1,1,1,      542901901
2023,5429,19,1,2,4,2,2,2,      542901901
2023,5429,34,1,0,8,1,1,1,      542903401
2023,5429,34,1,1,8,2,2,2,      542903401
2023,5429,47,1,0,2,2,1,1,      542904701
2023,5429,50,1,7,8,1,1,3,      542905001
2023,5429,50,1,7,8,2,2,4,      542905001
